"FI	202	BE															"
"EC	110001081	Public	2024-03-18	2024-03-18													"
"EC	110001082	Public	2024-03-20	2024-03-20													"
"EC	110001083	Public	2024-03-22	2024-03-22													"
"ES	110001081	110001081	2024-03-18	11BU	30			300	1	TRUE	1	0|50|100|200|300	3	1			"
"ES	110001082	110001082	2024-03-20	11BU	30			300	1	TRUE	1	0|50|100|200|300	3	1			"
"ES	110001083	110001083	2024-03-22	11BU	30			300	1	TRUE	1	0|50|100|200|300	3	1			"
"EP	110001081	110070425	09:20:00	51.3698	3.1843	0.489	0.1467	4	D	none			N	0			"
"EP	110001081	110070426	09:22:00	51.3693	3.1771	0.569	0.1707	4	D	none			N	0			"
"EP	110001081	110070427	09:24:00	51.3675	3.1691	0.612	0.1836	4	D	none			N	0			"
"EP	110001081	110070428	09:26:00	51.3656	3.1609	0.611	0.1833	4	D	none			N	0			"
"EP	110001081	110070429	09:28:00	51.3637	3.1526	0.612	0.1836	4	D	none			N	0			"
"EP	110001081	110070430	09:30:00	51.3618	3.1444	0.606	0.1818	4	D	none			N	0			"
"EP	110001081	110070431	09:32:00	51.3601	3.1361	0.607	0.1821	4	D	none			N	0			"
"EP	110001081	110070432	09:34:00	51.3590	3.1298	0.306	0.0918	4	D	none			N	0			"
"EP	110001081	110070433	09:35:00	51.3582	3.1234	0.604	0.1812	4	D	none			N	0			"
"EP	110001081	110070434	09:37:00	51.3578	3.1146	0.614	0.1842	4	D	none			N	0			"
"EP	110001081	110070435	09:39:00	51.3577	3.1058	0.619	0.1857	4	D	none			N	0			"
"EP	110001081	110070436	09:41:00	51.3576	3.0969	0.622	0.1866	4	D	none			N	0			"
"EP	110001081	110070437	09:43:00	51.3575	3.0879	0.620	0.1860	4	D	none			N	0			"
"EP	110001081	110070438	09:45:00	51.3574	3.0790	0.620	0.1860	4	D	none			N	0			"
"EP	110001081	110070439	09:47:00	51.3572	3.0701	0.616	0.1848	4	D	none			N	0			"
"EP	110001081	110070440	09:49:00	51.3569	3.0613	0.610	0.1830	4	D	none			N	0			"
"EP	110001081	110070441	09:51:00	51.3566	3.0526	0.606	0.1818	4	D	none			N	0			"
"EP	110001081	110070442	09:53:00	51.3563	3.0439	0.605	0.1815	4	D	none			N	0			"
"EP	110001081	110070443	09:55:00	51.3561	3.0352	0.608	0.1824	4	D	none			N	0			"
"EP	110001081	110070444	09:57:00	51.3558	3.0264	0.606	0.1818	4	D	none			N	0			"
"EP	110001081	110070445	09:59:00	51.3556	3.0178	0.603	0.1809	4	D	none			N	0			"
"EP	110001081	110070446	10:01:00	51.3554	3.0091	0.605	0.1815	4	D	none			N	0			"
"EP	110001081	110070447	10:03:00	51.3552	3.0003	0.612	0.1836	4	D	none			N	0			"
"EP	110001081	110070448	10:05:00	51.3551	2.9916	0.607	0.1821	4	D	none			N	0			"
"EP	110001081	110070449	10:07:00	51.3549	2.9829	0.602	0.1806	4	D	none			N	0			"
"EP	110001081	110070450	10:09:00	51.3547	2.9742	0.606	0.1818	4	D	none			N	0			"
"EP	110001081	110070451	10:11:00	51.3545	2.9655	0.603	0.1809	4	D	none			N	0			"
"EP	110001081	110070452	10:13:00	51.3548	2.9569	0.598	0.1794	4	D	none			N	0			"
"EP	110001081	110070453	10:15:00	51.3558	2.9484	0.599	0.1797	4	D	none			N	0			"
"EP	110001081	110070454	10:17:00	51.3570	2.9400	0.600	0.1800	4	D	none			N	0			"
"EP	110001081	110070455	10:19:00	51.3579	2.9337	0.302	0.0906	4	D	none			N	0			"
"EP	110001081	110070456	11:06:00	51.4267	2.8069	0.625	0.1875	4	D	none			N	0			"
"EP	110001081	110070457	11:08:00	51.4320	2.8052	0.601	0.1803	4	D	none			N	0			"
"EP	110001081	110070458	11:10:00	51.4372	2.8022	0.616	0.1848	4	D	none			N	0			"
"EP	110001081	110070459	11:12:00	51.4422	2.7987	0.612	0.1836	4	D	none			N	0			"
"EP	110001081	110070460	11:14:00	51.4517	2.7940	1.596	0.4788	4	D	none			N	0			"
"EP	110001081	110070461	11:16:00	51.4612	2.7896	0.608	0.1824	4	D	none			N	0			"
"EP	110001081	110070462	11:18:00	51.4623	2.7890	0.345	0.1035	4	D	none			N	0			"
"EP	110001081	110070463	11:20:00	51.4635	2.7885	0.615	0.1845	4	D	none			N	0			"
"EP	110001081	110070464	11:22:00	51.4726	2.7829	1.567	0.4701	4	D	none			N	0			"
"EP	110001081	110070465	11:24:00	51.4777	2.7795	0.344	0.1032	4	D	none			N	0			"
"EP	110001081	110070466	11:26:00	51.4788	2.7788	0.610	0.1830	4	D	none			N	0			"
"EP	110001081	110070467	11:28:00	51.4878	2.7727	1.560	0.4680	4	D	none			N	0			"
"EP	110001081	110070468	11:30:00	51.4928	2.7693	0.351	0.1053	4	D	none			N	0			"
"EP	110001081	110070469	11:32:00	51.4939	2.7685	0.612	0.1836	4	D	none			N	0			"
"EP	110001081	110070470	11:34:00	51.4989	2.7651	0.613	0.1839	4	D	none			N	0			"
"EP	110001081	110070471	11:36:00	51.5080	2.7589	1.574	0.4722	4	D	none			N	0			"
"EP	110001081	110070472	11:38:00	51.5170	2.7527	0.609	0.1827	4	D	none			N	0			"
"EP	110001081	110070473	11:40:00	51.5220	2.7493	0.609	0.1827	4	D	none			N	0			"
"EP	110001081	110070474	11:42:00	51.5231	2.7485	0.351	0.1053	4	D	none			N	0			"
"EP	110001081	110070475	11:44:00	51.5241	2.7478	0.610	0.1830	4	D	none			N	0			"
"EP	110001081	110070476	11:46:00	51.5292	2.7443	0.612	0.1836	4	D	none			N	0			"
"EP	110001081	110070477	11:48:00	51.5382	2.7381	1.580	0.4740	4	D	none			N	0			"
"EP	110001081	110070478	11:50:00	51.5433	2.7346	0.358	0.1074	4	D	none			N	0			"
"EP	110001081	110070479	11:52:00	51.5444	2.7339	0.615	0.1845	4	D	none			N	0			"
"EP	110001081	110070480	11:54:00	51.5535	2.7277	1.595	0.4785	4	D	none			N	0			"
"EP	110001081	110070481	11:56:00	51.5586	2.7242	0.353	0.1059	4	D	none			N	0			"
"EP	110001081	110070482	11:58:00	51.5597	2.7234	0.612	0.1836	4	D	none			N	0			"
"EP	110001081	110070483	12:00:00	51.5647	2.7200	0.608	0.1824	4	D	none			N	0			"
"EP	110001081	110070484	12:04:00	51.5748	2.7130	0.609	0.1827	4	D	none			N	0			"
"EP	110001081	110070485	12:06:00	51.5838	2.7069	1.561	0.4683	4	D	none			N	0			"
"EP	110001081	110070486	12:08:00	51.5888	2.7035	0.355	0.1065	4	D	none			N	0			"
"EP	110001081	110070487	12:10:00	51.5892	2.6964	1.194	0.3582	4	D	none			N	0			"
"EP	110001081	110070488	12:12:00	51.5915	2.6908	0.356	0.1068	4	D	none			N	0			"
"EP	110001081	110070489	12:14:00	51.5913	2.6890	0.617	0.1851	4	D	none			N	0			"
"EP	110001081	110070490	12:16:00	51.5897	2.6751	1.330	0.3990	4	D	none			N	0			"
"EP	110001081	110070491	12:19:00	51.5881	2.6593	1.638	0.4914	4	D	none			N	0			"
"EP	110001081	110070492	12:21:00	51.5871	2.6503	0.369	0.1107	4	D	none			N	0			"
"EP	110001081	110070493	12:23:00	51.5869	2.6483	0.637	0.1911	4	D	none			N	0			"
"EP	110001081	110070494	12:25:00	51.5859	2.6393	0.630	0.1890	4	D	none			N	0			"
"EP	110001081	110070495	12:27:00	51.5849	2.6304	0.624	0.1872	4	D	none			N	0			"
"EP	110001081	110070496	12:29:00	51.5831	2.6145	1.610	0.4830	4	D	none			N	0			"
"EP	110001081	110070497	12:31:00	51.5821	2.6056	0.360	0.1080	4	D	none			N	0			"
"EP	110001081	110070498	12:33:00	51.5819	2.6037	0.623	0.1869	4	D	none			N	0			"
"EP	110001081	110070499	12:35:00	51.5812	2.5970	0.322	0.0966	4	D	none			N	0			"
"EP	110001081	110070500	12:36:00	51.5820	2.5906	0.601	0.1803	4	D	none			N	0			"
"EP	110001081	110070501	12:38:00	51.5840	2.5823	0.631	0.1893	4	D	none			N	0			"
"EP	110001081	110070502	12:40:00	51.5861	2.5739	0.625	0.1875	4	D	none			N	0			"
"EP	110001081	110070503	12:42:00	51.5878	2.5661	0.518	0.1554	4	D	none			N	0			"
"EP	110001082	110070504	08:01:00	51.5916	2.5369	0.592	0.1776	2	C	none			N	0			"
"EP	110001082	110070505	08:03:00	51.6003	2.5434	1.539	0.4617	2	C	none			N	0			"
"EP	110001082	110070506	08:05:00	51.6051	2.5470	0.350	0.1050	2	C	none			N	0			"
"EP	110001082	110070507	08:07:00	51.6061	2.5478	0.605	0.1815	2	C	none			N	0			"
"EP	110001082	110070508	08:09:00	51.6110	2.5515	0.598	0.1794	2	C	none			N	0			"
"EP	110001082	110070509	08:11:00	51.6198	2.5579	1.545	0.4635	2	C	none			N	0			"
"EP	110001082	110070510	08:13:00	51.6247	2.5616	0.345	0.1035	2	C	none			N	0			"
"EP	110001082	110070511	08:15:00	51.6266	2.5573	0.891	0.2673	2	C	none			N	0			"
"EP	110001082	110070512	08:16:00	51.6305	2.5500	0.540	0.1620	2	C	none			N	0			"
"EP	110001082	110070513	08:18:00	51.6309	2.5484	0.303	0.0909	2	C	none			N	0			"
"EP	110001082	110070514	08:20:00	51.6303	2.5472	0.476	0.1428	2	C	none			N	0			"
"EP	110001082	110070515	08:22:00	51.6247	2.5372	1.459	0.4377	2	C	none			N	0			"
"EP	110001082	110070516	08:24:00	51.6207	2.5321	0.335	0.1005	2	C	none			N	0			"
"EP	110001082	110070517	08:26:00	51.6168	2.5270	1.467	0.4401	2	C	none			N	0			"
"EP	110001082	110070518	08:28:00	51.6096	2.5178	0.572	0.1716	2	C	none			N	0			"
"EP	110001082	110070519	08:30:00	51.6055	2.5130	0.562	0.1686	2	C	none			N	0			"
"EP	110001082	110070520	08:32:00	51.6047	2.5119	0.329	0.0987	2	C	none			N	0			"
"EP	110001082	110070521	08:34:00	51.6007	2.5072	1.437	0.4311	2	C	none			N	0			"
"EP	110001082	110070522	08:36:00	51.5935	2.4986	0.552	0.1656	2	C	none			N	0			"
"EP	110001082	110070523	08:38:00	51.5927	2.4976	0.322	0.0966	2	C	none			N	0			"
"EP	110001082	110070524	08:40:00	51.5887	2.4928	1.426	0.4278	2	C	none			N	0			"
"EP	110001082	110070525	08:42:00	51.5816	2.4843	0.540	0.1620	2	C	none			N	0			"
"EP	110001082	110070526	08:44:00	51.5808	2.4833	0.309	0.0927	2	C	none			N	0			"
"EP	110001082	110070527	08:46:00	51.5800	2.4823	0.545	0.1635	2	C	none			N	0			"
"EP	110001082	110070528	08:48:00	51.5760	2.4776	0.546	0.1638	2	C	none			N	0			"
"EP	110001082	110070529	08:50:00	51.5690	2.4692	1.399	0.4197	2	C	none			N	0			"
"EP	110001082	110070530	08:52:00	51.5651	2.4645	0.312	0.0936	2	C	none			N	0			"
"EP	110001082	110070531	08:54:00	51.5612	2.4598	1.401	0.4203	2	C	none			N	0			"
"EP	110001082	110070532	08:56:00	51.5573	2.4551	0.320	0.0960	2	C	none			N	0			"
"EP	110001082	110070533	08:58:00	51.5565	2.4541	0.544	0.1632	2	C	none			N	0			"
"EP	110001082	110070534	09:00:00	51.5526	2.4495	0.543	0.1629	2	C	none			N	0			"
"EP	110001082	110070535	09:02:00	51.5486	2.4448	0.548	0.1644	2	C	none			N	0			"
"EP	110001082	110070536	09:04:00	51.5447	2.4401	0.536	0.1608	2	C	none			N	0			"
"EP	110001082	110070537	09:06:00	51.5409	2.4354	0.543	0.1629	2	C	none			N	0			"
"EP	110001082	110070538	09:08:00	51.5369	2.4307	0.543	0.1629	2	C	none			N	0			"
"EP	110001082	110070539	09:10:00	51.5330	2.4260	0.546	0.1638	2	C	none			N	0			"
"EP	110001082	110070540	09:12:00	51.5291	2.4213	0.543	0.1629	2	C	none			N	0			"
"EP	110001082	110070541	09:14:00	51.5252	2.4167	0.542	0.1626	2	C	none			N	0			"
"EP	110001082	110070542	09:16:00	51.5213	2.4120	0.540	0.1620	2	C	none			N	0			"
"EP	110001082	110070543	09:18:00	51.5174	2.4074	0.532	0.1596	2	C	none			N	0			"
"EP	110001082	110070544	09:20:00	51.5136	2.4027	0.544	0.1632	2	C	none			N	0			"
"EP	110001082	110070545	09:22:00	51.5097	2.3981	0.535	0.1605	2	C	none			N	0			"
"EP	110001082	110070546	09:24:00	51.5058	2.3935	0.538	0.1614	2	C	none			N	0			"
"EP	110001082	110070547	09:26:00	51.5020	2.3889	0.524	0.1572	2	C	none			N	0			"
"EP	110001082	110070548	09:44:00	51.4888	2.3732	0.479	0.1437	2	C	none			N	0			"
"EP	110001082	110070549	09:46:00	51.4852	2.3688	0.520	0.1560	2	C	none			N	0			"
"EP	110001082	110070550	09:48:00	51.4814	2.3643	0.523	0.1569	2	C	none			N	0			"
"EP	110001082	110070551	09:50:00	51.4777	2.3598	0.520	0.1560	2	C	none			N	0			"
"EP	110001082	110070552	09:52:00	51.4739	2.3553	0.522	0.1566	2	C	none			N	0			"
"EP	110001082	110070553	09:54:00	51.4702	2.3508	0.522	0.1566	2	C	none			N	0			"
"EP	110001082	110070554	09:56:00	51.4664	2.3463	0.519	0.1557	2	C	none			N	0			"
"EP	110001082	110070555	09:58:00	51.4627	2.3418	0.521	0.1563	2	C	none			N	0			"
"EP	110001082	110070556	10:00:00	51.4559	2.3340	1.337	0.4011	2	C	none			N	0			"
"EP	110001082	110070557	10:02:00	51.4496	2.3307	0.453	0.1359	2	C	none			N	0			"
"EP	110001082	110070558	10:04:00	51.4476	2.3349	0.292	0.0876	2	C	none			N	0			"
"EP	110001082	110070559	10:05:00	51.4477	2.3347	0.335	0.1005	2	C	none			N	0			"
"EP	110001082	110070560	10:07:00	51.4471	2.3362	0.578	0.1734	2	C	none			N	0			"
"EP	110001082	110070561	10:09:00	51.4422	2.3491	1.527	0.4581	2	C	none			N	0			"
"EP	110001082	110070562	10:11:00	51.4393	2.3563	0.339	0.1017	2	C	none			N	0			"
"EP	110001082	110070563	10:13:00	51.4387	2.3578	0.593	0.1779	2	C	none			N	0			"
"EP	110001082	110070564	10:15:00	51.4334	2.3707	1.544	0.4632	2	C	none			N	0			"
"EP	110001082	110070565	10:17:00	51.4281	2.3835	0.589	0.1767	2	C	none			N	0			"
"EP	110001082	110070566	10:19:00	51.4252	2.3907	0.593	0.1779	2	C	none			N	0			"
"EP	110001082	110070567	10:21:00	51.4241	2.3984	0.572	0.1716	2	C	none			N	0			"
"EP	110001082	110070568	10:23:00	51.4253	2.4041	0.308	0.0924	2	C	none			N	0			"
"EP	110001082	110070569	10:24:00	51.4286	2.4082	0.625	0.1875	2	C	none			N	0			"
"EP	110001082	110070570	10:26:00	51.4334	2.4133	0.650	0.1950	2	C	none			N	0			"
"EP	110001082	110070571	10:28:00	51.4382	2.4186	0.655	0.1965	2	C	none			N	0			"
"EP	110001082	110070572	10:30:00	51.4393	2.4197	0.379	0.1137	2	C	none			N	0			"
"EP	110001082	110070573	10:32:00	51.4403	2.4208	0.657	0.1971	2	C	none			N	0			"
"EP	110001082	110070574	10:34:00	51.4453	2.4259	0.658	0.1974	2	C	none			N	0			"
"EP	110001082	110070575	10:36:00	51.4542	2.4351	1.705	0.5115	2	C	none			N	0			"
"EP	110001082	110070576	10:38:00	51.4631	2.4443	0.643	0.1929	2	C	none			N	0			"
"EP	110001082	110070577	10:40:00	51.4678	2.4486	0.575	0.1725	2	C	none			N	0			"
"EP	110001082	110070578	10:42:00	51.4689	2.4497	0.295	0.0885	2	C	none			N	0			"
"EP	110001082	110070579	11:12:00	51.4742	2.4546	0.274	0.0822	2	C	none			N	0			"
"EP	110001082	110070580	11:14:00	51.4784	2.4593	1.411	0.4233	2	C	none			N	0			"
"EP	110001082	110070581	11:16:00	51.4859	2.4677	0.612	0.1836	2	C	none			N	0			"
"EP	110001082	110070582	11:18:00	51.4868	2.4688	0.350	0.1050	2	C	none			N	0			"
"EP	110001082	110070583	11:20:00	51.4879	2.4698	0.619	0.1857	2	C	none			N	0			"
"EP	110001082	110070584	11:22:00	51.4926	2.4747	0.629	0.1887	2	C	none			N	0			"
"EP	110001082	110070585	11:24:00	51.5010	2.4834	1.612	0.4836	2	C	none			N	0			"
"EP	110001082	110070586	11:26:00	51.5095	2.4921	0.628	0.1884	2	C	none			N	0			"
"EP	110001082	110070587	11:28:00	51.5105	2.4931	0.362	0.1086	2	C	none			N	0			"
"EP	110001082	110070588	11:30:00	51.5153	2.4980	1.614	0.4842	2	C	none			N	0			"
"EP	110001082	110070589	11:32:00	51.5237	2.5067	0.621	0.1863	2	C	none			N	0			"
"EP	110001082	110070590	11:34:00	51.5284	2.5115	0.620	0.1860	2	C	none			N	0			"
"EP	110001082	110070591	11:36:00	51.5331	2.5163	0.616	0.1848	2	C	none			N	0			"
"EP	110001082	110070592	11:38:00	51.5341	2.5173	0.352	0.1056	2	C	none			N	0			"
"EP	110001082	110070593	11:40:00	51.5388	2.5222	1.606	0.4818	2	C	none			N	0			"
"EP	110001082	110070594	11:42:00	51.5436	2.5271	0.359	0.1077	2	C	none			N	0			"
"EP	110001082	110070595	11:44:00	51.5446	2.5281	0.625	0.1875	2	C	none			N	0			"
"EP	110001082	110070596	11:46:00	51.5492	2.5330	0.621	0.1863	2	C	none			N	0			"
"EP	110001082	110070597	11:48:00	51.5540	2.5379	0.624	0.1872	2	C	none			N	0			"
"EP	110001082	110070598	11:50:00	51.5586	2.5428	0.620	0.1860	2	C	none			N	0			"
"EP	110001082	110070599	11:52:00	51.5670	2.5514	1.587	0.4761	2	C	none			N	0			"
"EP	110001082	110070600	11:54:00	51.5717	2.5562	0.346	0.1038	2	C	none			N	0			"
"EP	110001082	110070601	11:56:00	51.5762	2.5610	1.556	0.4668	2	C	none			N	0			"
"EP	110001082	110070602	11:58:00	51.5808	2.5657	0.349	0.1047	2	C	none			N	0			"
"EP	110001082	110070603	12:00:00	51.5854	2.5704	1.567	0.4701	2	C	none			N	0			"
"EP	110001082	110070604	12:02:00	51.5900	2.5752	0.345	0.1035	2	C	none			N	0			"
"EP	110001082	110070605	12:04:00	51.5910	2.5762	0.612	0.1836	2	C	none			N	0			"
"EP	110001082	110070606	12:06:00	51.5993	2.5847	1.571	0.4713	2	C	none			N	0			"
"EP	110001082	110070607	12:08:00	51.6075	2.5932	0.597	0.1791	2	C	none			N	0			"
"EP	110001082	110070608	12:10:00	51.6084	2.5942	0.345	0.1035	2	C	none			N	0			"
"EP	110001082	110070609	12:12:00	51.6094	2.5952	0.609	0.1827	2	C	none			N	0			"
"EP	110001082	110070610	12:14:00	51.6172	2.6043	1.531	0.4593	2	C	none			N	0			"
"EP	110001082	110070611	12:16:00	51.6216	2.6141	0.507	0.1521	2	C	none			N	0			"
"EP	110001082	110070612	12:18:00	51.6212	2.6155	0.303	0.0909	2	C	none			N	0			"
"EP	110001082	110070613	12:20:00	51.6207	2.6170	0.549	0.1647	2	C	none			N	0			"
"EP	110001082	110070614	12:22:00	51.6162	2.6300	1.509	0.4527	2	C	none			N	0			"
"EP	110001082	110070615	12:24:00	51.6117	2.6433	0.574	0.1722	2	C	none			N	0			"
"EP	110001082	110070616	12:26:00	51.6093	2.6505	0.560	0.1680	2	C	none			N	0			"
"EP	110001082	110070617	12:28:00	51.6088	2.6520	0.325	0.0975	2	C	none			N	0			"
"EP	110001082	110070618	12:30:00	51.6083	2.6536	0.565	0.1695	2	C	none			N	0			"
"EP	110001082	110070619	12:32:00	51.6059	2.6608	0.565	0.1695	2	C	none			N	0			"
"EP	110001082	110070620	12:34:00	51.6003	2.6654	0.997	0.2991	2	C	none			N	0			"
"EP	110001082	110070621	12:36:00	51.5936	2.6649	0.531	0.1593	2	C	none			N	0			"
"EP	110001082	110070622	12:38:00	51.5927	2.6643	0.313	0.0939	2	C	none			N	0			"
"EP	110001082	110070623	12:40:00	51.5918	2.6637	0.536	0.1608	2	C	none			N	0			"
"EP	110001082	110070624	12:42:00	51.5840	2.6582	1.370	0.4110	2	C	none			N	0			"
"EP	110001082	110070625	12:44:00	51.5761	2.6527	0.533	0.1599	2	C	none			N	0			"
"EP	110001082	110070626	12:49:00	51.5720	2.6499	0.535	0.1605	2	C	none			N	0			"
"EP	110001082	110070627	12:51:00	51.5641	2.6444	1.390	0.4170	2	C	none			N	0			"
"EP	110001082	110070628	12:53:00	51.5597	2.6413	0.317	0.0951	2	C	none			N	0			"
"EP	110001082	110070629	12:55:00	51.5553	2.6382	1.391	0.4173	2	C	none			N	0			"
"EP	110001082	110070630	12:57:00	51.5473	2.6327	0.534	0.1602	2	C	none			N	0			"
"EP	110001082	110070631	12:59:00	51.5464	2.6320	0.301	0.0903	2	C	none			N	0			"
"EP	110001082	110070632	13:01:00	51.5431	2.6298	1.094	0.3282	2	C	none			N	0			"
"EP	110001082	110070633	13:02:00	51.5398	2.6275	0.304	0.0912	2	C	none			N	0			"
"EP	110001082	110070634	13:04:00	51.5355	2.6245	1.361	0.4083	2	C	none			N	0			"
"EP	110001082	110070635	13:06:00	51.5277	2.6191	0.533	0.1599	2	C	none			N	0			"
"EP	110001082	110070636	13:08:00	51.5233	2.6160	0.532	0.1596	2	C	none			N	0			"
"EP	110001082	110070637	13:10:00	51.5223	2.6153	0.306	0.0918	2	C	none			N	0			"
"EP	110001082	110070638	13:12:00	51.5214	2.6147	0.542	0.1626	2	C	none			N	0			"
"EP	110001082	110070639	13:14:00	51.5169	2.6116	0.543	0.1629	2	C	none			N	0			"
"EP	110001082	110070640	13:16:00	51.5088	2.6060	1.418	0.4254	2	C	none			N	0			"
"EP	110001082	110070641	13:18:00	51.5006	2.6007	0.558	0.1674	2	C	none			N	0			"
"EP	110001082	110070642	13:20:00	51.4995	2.6001	0.316	0.0948	2	C	none			N	0			"
"EP	110001082	110070643	13:22:00	51.4949	2.5972	1.428	0.4284	2	C	none			N	0			"
"EP	110001082	110070644	13:24:00	51.4902	2.5946	0.324	0.0972	2	C	none			N	0			"
"EP	110001082	110070645	13:26:00	51.4893	2.5936	0.554	0.1662	2	C	none			N	0			"
"EP	110001082	110070646	13:28:00	51.4851	2.5893	0.558	0.1674	2	C	none			N	0			"
"EP	110001082	110070647	13:30:00	51.4812	2.5848	0.525	0.1575	2	C	none			N	0			"
"EP	110001082	110070648	13:32:00	51.4775	2.5807	0.470	0.1410	2	C	none			N	0			"
"EP	110001082	110070649	13:34:00	51.4723	2.5749	0.944	0.2832	2	C	none			N	0			"
"EP	110001082	110070650	14:10:00	51.4576	2.5643	0.504	0.1512	2	C	none			N	0			"
"EP	110001082	110070651	14:12:00	51.4530	2.5630	0.540	0.1620	2	C	none			N	0			"
"EP	110001082	110070652	14:14:00	51.4482	2.5609	0.551	0.1653	2	C	none			N	0			"
"EP	110001082	110070653	14:16:00	51.4435	2.5580	0.579	0.1737	2	C	none			N	0			"
"EP	110001082	110070654	14:18:00	51.4387	2.5546	0.592	0.1776	2	C	none			N	0			"
"EP	110001082	110070655	14:20:00	51.4339	2.5513	0.580	0.1740	2	C	none			N	0			"
"EP	110001082	110070656	14:22:00	51.4290	2.5481	0.590	0.1770	2	C	none			N	0			"
"EP	110001082	110070657	14:24:00	51.4231	2.5445	0.821	0.2463	2	C	none			N	0			"
"EP	110001082	110070658	14:26:00	51.4181	2.5419	0.334	0.1002	2	C	none			N	0			"
"EP	110001082	110070659	14:28:00	51.4101	2.5404	1.477	0.4431	2	C	none			N	0			"
"EP	110001082	110070660	14:30:00	51.4049	2.5395	0.329	0.0987	2	C	none			N	0			"
"EP	110001082	110070661	14:32:00	51.4039	2.5395	0.568	0.1704	2	C	none			N	0			"
"EP	110001082	110070662	14:34:00	51.3987	2.5395	0.580	0.1740	2	C	none			N	0			"
"EP	110001082	110070663	14:36:00	51.3896	2.5410	1.468	0.4404	2	C	none			N	0			"
"EP	110001082	110070664	14:38:00	51.3845	2.5418	0.324	0.0972	2	C	none			N	0			"
"EP	110001082	110070665	14:40:00	51.3806	2.5463	1.365	0.4095	2	C	none			N	0			"
"EP	110001082	110070666	14:42:00	51.3771	2.5485	0.563	0.1689	2	C	none			N	0			"
"EP	110001082	110070667	14:43:00	51.3768	2.5540	1.257	0.3771	2	C	none			N	0			"
"EP	110001082	110070668	14:45:00	51.3748	2.5602	0.298	0.0894	2	C	none			N	0			"
"EP	110001082	110070669	14:47:00	51.3747	2.5680	1.374	0.4122	2	C	none			N	0			"
"EP	110001082	110070670	14:49:00	51.3746	2.5756	0.307	0.0921	2	C	none			N	0			"
"EP	110001082	110070671	14:51:00	51.3744	2.5834	1.389	0.4167	2	C	none			N	0			"
"EP	110001082	110070672	14:53:00	51.3742	2.5912	0.312	0.0936	2	C	none			N	0			"
"EP	110001082	110070673	14:55:00	51.3758	2.5982	1.342	0.4026	2	C	none			N	0			"
"EP	110001082	110070674	14:57:00	51.3783	2.6111	0.532	0.1596	2	C	none			N	0			"
"EP	110001082	110070675	14:59:00	51.3787	2.6126	0.307	0.0921	2	C	none			N	0			"
"EP	110001082	110070676	15:01:00	51.3791	2.6141	0.536	0.1608	2	C	none			N	0			"
"EP	110001082	110070677	15:03:00	51.3808	2.6213	0.529	0.1587	2	C	none			N	0			"
"EP	110001082	110070678	15:05:00	51.3825	2.6284	0.526	0.1578	2	C	none			N	0			"
"EP	110001082	110070679	15:07:00	51.3841	2.6354	0.520	0.1560	2	C	none			N	0			"
"EP	110001082	110070680	15:09:00	51.3857	2.6425	0.525	0.1575	2	C	none			N	0			"
"EP	110001082	110070681	15:11:00	51.3874	2.6496	0.526	0.1578	2	C	none			N	0			"
"EP	110001082	110070682	15:13:00	51.3890	2.6567	0.535	0.1605	2	C	none			N	0			"
"EP	110001082	110070683	15:15:00	51.3920	2.6696	1.366	0.4098	2	C	none			N	0			"
"EP	110001082	110070684	15:17:00	51.3949	2.6824	0.531	0.1593	2	C	none			N	0			"
"EP	110001082	110070685	15:19:00	51.3952	2.6839	0.311	0.0933	2	C	none			N	0			"
"EP	110001082	110070686	15:21:00	51.3969	2.6910	1.357	0.4071	2	C	none			N	0			"
"EP	110001082	110070687	15:23:00	51.4012	2.7012	0.501	0.1503	2	C	none			N	0			"
"EP	110001082	110070688	15:25:00	51.4045	2.7027	0.264	0.0792	2	C	none			N	0			"
"EP	110001082	110070689	15:26:00	51.4079	2.7042	0.537	0.1611	1	D	none			N	0			"
"EP	110001082	110070690	15:28:00	51.4089	2.7046	0.313	0.0939	1	D	none			N	0			"
"EP	110001082	110070691	15:30:00	51.4135	2.7067	1.381	0.4143	1	D	none			N	0			"
"EP	110001082	110070692	15:32:00	51.4218	2.7105	0.533	0.1599	1	D	none			N	0			"
"EP	110001082	110070693	15:34:00	51.4227	2.7110	0.313	0.0939	1	D	none			N	0			"
"EP	110001082	110070694	15:36:00	51.4272	2.7133	1.365	0.4095	1	D	none			N	0			"
"EP	110001082	110070695	15:38:00	51.4318	2.7156	0.301	0.0903	1	D	none			N	0			"
"EP	110001082	110070696	15:40:00	51.4327	2.7161	0.527	0.1581	1	D	none			N	0			"
"EP	110001082	110070697	15:42:00	51.4373	2.7184	0.538	0.1614	1	D	none			N	0			"
"EP	110001082	110070698	15:44:00	51.4420	2.7203	0.534	0.1602	1	D	none			N	0			"
"EP	110001082	110070699	15:46:00	51.4466	2.7222	0.538	0.1614	1	D	none			N	0			"
"EP	110001082	110070700	15:48:00	51.4513	2.7242	0.540	0.1620	1	D	none			N	0			"
"EP	110001082	110070701	15:50:00	51.4559	2.7263	0.530	0.1590	1	D	none			N	0			"
"EP	110001082	110070702	15:52:00	51.4605	2.7283	0.530	0.1590	1	D	none			N	0			"
"EP	110001082	110070703	15:54:00	51.4652	2.7301	0.527	0.1581	1	D	none			N	0			"
"EP	110001082	110070704	15:56:00	51.4733	2.7333	1.346	0.4038	1	D	none			N	0			"
"EP	110001082	110070705	15:58:00	51.4815	2.7366	0.525	0.1575	1	D	none			N	0			"
"EP	110001082	110070706	16:00:00	51.4860	2.7383	0.520	0.1560	1	D	none			N	0			"
"EP	110001082	110070707	16:02:00	51.4906	2.7400	0.517	0.1551	1	D	none			N	0			"
"EP	110001082	110070708	16:04:00	51.4952	2.7416	0.536	0.1608	1	D	none			N	0			"
"EP	110001082	110070709	16:06:00	51.4962	2.7419	0.302	0.0906	1	D	none			N	0			"
"EP	110001082	110070710	16:08:00	51.4972	2.7423	0.522	0.1566	1	D	none			N	0			"
"EP	110001082	110070711	16:10:00	51.5054	2.7452	1.340	0.4020	1	D	none			N	0			"
"EP	110001082	110070712	16:12:00	51.5100	2.7468	0.295	0.0885	1	D	none			N	0			"
"EP	110001082	110070713	16:14:00	51.5145	2.7486	1.329	0.3987	1	D	none			N	0			"
"EP	110001082	110070714	16:16:00	51.5225	2.7518	0.518	0.1554	1	D	none			N	0			"
"EP	110001082	110070715	16:18:00	51.5235	2.7521	0.299	0.0897	1	D	none			N	0			"
"EP	110001082	110070716	16:20:00	51.5244	2.7525	0.516	0.1548	1	D	none			N	0			"
"EP	110001082	110070717	16:22:00	51.5289	2.7542	0.515	0.1545	1	D	none			N	0			"
"EP	110001082	110070718	16:24:00	51.5335	2.7558	0.521	0.1563	1	D	none			N	0			"
"EP	110001082	110070719	16:26:00	51.5416	2.7588	1.323	0.3969	1	D	none			N	0			"
"EP	110001082	110070720	16:28:00	51.5496	2.7618	0.520	0.1560	1	D	none			N	0			"
"EP	110001082	110070721	16:30:00	51.5541	2.7635	0.508	0.1524	1	D	none			N	0			"
"EP	110001082	110070722	16:32:00	51.5551	2.7638	0.288	0.0864	1	D	none			N	0			"
"EP	110001082	110070723	16:34:00	51.5596	2.7656	1.314	0.3942	1	D	none			N	0			"
"EP	110001082	110070724	16:36:00	51.5675	2.7687	0.508	0.1524	1	D	none			N	0			"
"EP	110001082	110070725	16:38:00	51.5684	2.7691	0.292	0.0876	1	D	none			N	0			"
"EP	110001082	110070726	16:40:00	51.5728	2.7709	1.298	0.3894	1	D	none			N	0			"
"EP	110001082	110070727	16:42:00	51.5772	2.7727	0.285	0.0855	1	D	none			N	0			"
"EP	110001082	110070728	16:44:00	51.5816	2.7745	1.293	0.3879	1	D	none			N	0			"
"EP	110001082	110070729	16:46:00	51.5889	2.7755	0.397	0.1191	1	D	none			N	0			"
"EP	110001082	110070730	16:48:00	51.5909	2.7701	0.586	0.1758	1	D	none			N	0			"
"EP	110001083	110070731	06:58:00	51.4260	2.5399	0.285	0.0855	6	D	none			N	0			"
"EP	110001083	110070732	07:00:00	51.4250	2.5398	0.499	0.1497	6	D	none			N	0			"
"EP	110001083	110070733	07:02:00	51.4206	2.5397	0.489	0.1467	6	D	none			N	0			"
"EP	110001083	110070734	07:04:00	51.4127	2.5394	1.272	0.3816	6	D	none			N	0			"
"EP	110001083	110070735	07:06:00	51.4083	2.5391	0.281	0.0843	6	D	none			N	0			"
"EP	110001083	110070736	07:08:00	51.4038	2.5389	1.278	0.3834	6	D	none			N	0			"
"EP	110001083	110070737	07:10:00	51.3994	2.5386	0.297	0.0891	6	D	none			N	0			"
"EP	110001083	110070738	07:12:00	51.3985	2.5386	0.502	0.1506	6	D	none			N	0			"
"EP	110001083	110070739	07:14:00	51.3940	2.5383	0.497	0.1491	6	D	none			N	0			"
"EP	110001083	110070740	07:16:00	51.3861	2.5380	1.265	0.3795	6	D	none			N	0			"
"EP	110001083	110070741	07:18:00	51.3817	2.5378	0.289	0.0867	6	D	none			N	0			"
"EP	110001083	110070742	07:20:00	51.3774	2.5390	1.256	0.3768	6	D	none			N	0			"
"EP	110001083	110070743	07:22:00	51.3703	2.5432	0.537	0.1611	6	D	none			N	0			"
"EP	110001083	110070744	07:24:00	51.3680	2.5499	0.540	0.1620	6	D	none			N	0			"
"EP	110001083	110070745	07:26:00	51.3666	2.5574	0.551	0.1653	6	D	none			N	0			"
"EP	110001083	110070746	07:28:00	51.3664	2.5590	0.322	0.0966	6	D	none			N	0			"
"EP	110001083	110070747	07:30:00	51.3661	2.5606	0.548	0.1644	6	D	none			N	0			"
"EP	110001083	110070748	07:32:00	51.3650	2.5684	0.570	0.1710	6	D	none			N	0			"
"EP	110001083	110070749	07:34:00	51.3631	2.5826	1.439	0.4317	6	D	none			N	0			"
"EP	110001083	110070750	07:36:00	51.3610	2.5963	0.531	0.1593	6	D	none			N	0			"
"EP	110001083	110070751	07:38:00	51.3607	2.5979	0.303	0.0909	6	D	none			N	0			"
"EP	110001083	110070752	07:40:00	51.3604	2.5993	0.511	0.1533	6	D	none			N	0			"
"EP	110001083	110070753	07:42:00	51.3589	2.6060	0.488	0.1464	6	D	none			N	0			"
"EP	110001083	110070754	07:44:00	51.3562	2.6176	1.218	0.3654	6	D	none			N	0			"
"EP	110001083	110070755	07:46:00	51.3537	2.6290	0.465	0.1395	6	D	none			N	0			"
"EP	110001083	110070756	07:48:00	51.3534	2.6303	0.273	0.0819	6	D	none			N	0			"
"EP	110001083	110070757	07:50:00	51.3523	2.6352	1.002	0.3006	6	D	none			N	0			"
"EP	110001083	110070758	07:53:00	51.3487	2.6517	0.475	0.1425	6	D	none			N	0			"
"EP	110001083	110070759	07:55:00	51.3473	2.6581	0.476	0.1428	6	D	none			N	0			"
"EP	110001083	110070760	07:57:00	51.3459	2.6646	0.481	0.1443	6	D	none			N	0			"
"EP	110001083	110070761	07:59:00	51.3456	2.6660	0.281	0.0843	6	D	none			N	0			"
"EP	110001083	110070762	08:01:00	51.3442	2.6726	1.249	0.3747	6	D	none			N	0			"
"EP	110001083	110070763	08:03:00	51.3416	2.6842	0.473	0.1419	6	D	none			N	0			"
"EP	110001083	110070764	08:05:00	51.3413	2.6856	0.281	0.0843	6	D	none			N	0			"
"EP	110001083	110070765	08:07:00	51.3406	2.6864	0.468	0.1404	6	D	none			N	0			"
"EP	110001083	110070766	08:09:00	51.3346	2.6941	1.262	0.3786	6	D	none			N	0			"
"EP	110001083	110070767	08:11:00	51.3278	2.6993	0.464	0.1392	6	D	none			N	0			"
"EP	110001083	110070768	08:13:00	51.3269	2.6996	0.274	0.0822	6	D	none			N	0			"
"EP	110001083	110070769	08:15:00	51.3226	2.6987	1.251	0.3753	6	D	none			N	0			"
"EP	110001083	110070770	08:17:00	51.3148	2.6971	0.492	0.1476	6	D	none			N	0			"
"EP	110001083	110070771	08:19:00	51.3104	2.6961	0.503	0.1509	6	D	none			N	0			"
"EP	110001083	110070772	08:21:00	51.3060	2.6949	0.487	0.1461	6	D	none			N	0			"
"EP	110001083	110070773	08:23:00	51.3051	2.6947	0.285	0.0855	6	D	none			N	0			"
"EP	110001083	110070774	08:25:00	51.3042	2.6942	0.488	0.1464	6	D	none			N	0			"
"EP	110001083	110070775	08:27:00	51.2968	2.6903	1.253	0.3759	6	D	none			N	0			"
"EP	110001083	110070776	08:29:00	51.2926	2.6880	0.281	0.0843	6	D	none			N	0			"
"EP	110001083	110070777	08:31:00	51.2887	2.6851	1.244	0.3732	6	D	none			N	0			"
"EP	110001083	110070778	08:33:00	51.2816	2.6802	0.474	0.1422	6	D	none			N	0			"
"EP	110001083	110070779	08:35:00	51.2777	2.6774	0.482	0.1446	6	D	none			N	0			"
"EP	110001083	110070780	08:37:00	51.2738	2.6747	0.473	0.1419	6	D	none			N	0			"
"EP	110001083	110070781	08:39:00	51.2698	2.6719	0.482	0.1446	6	D	none			N	0			"
"EP	110001083	110070782	08:41:00	51.2690	2.6713	0.274	0.0822	6	D	none			N	0			"
"EP	110001083	110070783	08:43:00	51.2682	2.6708	0.474	0.1422	6	D	none			N	0			"
"EP	110001083	110070784	08:45:00	51.2642	2.6682	0.471	0.1413	6	D	none			N	0			"
"EP	110001083	110070785	08:47:00	51.2603	2.6656	0.478	0.1434	6	D	none			N	0			"
"EP	110001083	110070786	08:49:00	51.2563	2.6632	0.470	0.1410	6	D	none			N	0			"
"EP	110001083	110070787	08:51:00	51.2523	2.6612	0.472	0.1416	6	D	none			N	0			"
"EP	110001083	110070788	08:53:00	51.2483	2.6593	0.463	0.1389	6	D	none			N	0			"
"EP	110001083	110070789	08:55:00	51.2443	2.6572	0.464	0.1392	6	D	none			N	0			"
"EP	110001083	110070790	08:57:00	51.2404	2.6549	0.456	0.1368	6	D	none			N	0			"
"EP	110001083	110070791	08:59:00	51.2366	2.6530	0.448	0.1344	6	D	none			N	0			"
"EP	110001083	110070792	09:01:00	51.2326	2.6511	0.462	0.1386	6	D	none			N	0			"
"EP	110001083	110070793	09:03:00	51.2287	2.6492	0.447	0.1341	6	D	none			N	0			"
"EP	110001083	110070794	09:05:00	51.2250	2.6473	0.429	0.1287	6	D	none			N	0			"
"EP	110001083	110070795	09:07:00	51.2213	2.6451	0.441	0.1323	6	D	none			N	0			"
"EP	110001083	110070796	09:09:00	51.2176	2.6424	0.465	0.1395	6	D	none			N	0			"
"EP	110001083	110070797	09:11:00	51.2139	2.6395	0.464	0.1392	6	D	none			N	0			"
"EP	110001083	110070798	09:13:00	51.2103	2.6363	0.457	0.1371	6	D	none			N	0			"
"EP	110001083	110070799	09:15:00	51.2069	2.6328	0.443	0.1329	6	D	none			N	0			"
"EP	110001083	110070800	09:17:00	51.2036	2.6290	0.451	0.1353	6	D	none			N	0			"
"EP	110001083	110070801	09:19:00	51.2003	2.6254	0.441	0.1323	6	D	none			N	0			"
"EP	110001083	110070802	09:21:00	51.1971	2.6217	0.436	0.1308	6	D	none			N	0			"
"EP	110001083	110070803	09:23:00	51.1939	2.6181	0.436	0.1308	6	D	none			N	0			"
"EP	110001083	110070804	09:25:00	51.1907	2.6145	0.431	0.1293	6	D	none			N	0			"
"EP	110001083	110070805	09:27:00	51.1876	2.6110	0.420	0.1260	6	D	none			N	0			"
"EP	110001083	110070806	09:29:00	51.1845	2.6075	0.432	0.1296	6	D	none			N	0			"
"EP	110001083	110070807	11:10:00	51.2138	2.6613	1.705	0.5115	4	C	none			R	0			"
"EP	110001083	110070808	11:12:00	51.2180	2.6681	0.378	0.1134	4	C	none			R	0			"
"EP	110001083	110070809	11:14:00	51.2221	2.6748	1.694	0.5082	4	C	none			R	0			"
"EP	110001083	110070810	11:16:00	51.2295	2.6869	0.662	0.1986	4	C	none			R	0			"
"EP	110001083	110070811	11:18:00	51.2337	2.6937	0.657	0.1971	4	C	none			R	0			"
"EP	110001083	110070812	11:20:00	51.2345	2.6951	0.382	0.1146	4	C	none			R	0			"
"EP	110001083	110070813	11:22:00	51.2354	2.6965	0.663	0.1989	4	C	none			R	0			"
"EP	110001083	110070814	11:24:00	51.2412	2.7101	1.642	0.4926	4	C	none			R	0			"
"EP	110001083	110070815	11:26:00	51.2443	2.7177	0.385	0.1155	4	C	none			R	0			"
"EP	110001083	110070816	11:28:00	51.2447	2.7196	0.658	0.1974	4	C	none			R	0			"
"EP	110001083	110070817	11:30:00	51.2478	2.7359	1.729	0.5187	4	C	none			R	0			"
"EP	110001083	110070818	11:32:00	51.2496	2.7452	0.387	0.1161	4	C	none			R	0			"
"EP	110001083	110070819	11:34:00	51.2513	2.7543	1.721	0.5163	4	C	none			R	0			"
"EP	110001083	110070820	11:36:00	51.2544	2.7707	0.661	0.1983	4	C	none			R	0			"
"EP	110001083	110070821	11:38:00	51.2562	2.7797	0.659	0.1977	4	C	none			R	0			"
"EP	110001083	110070822	11:40:00	51.2579	2.7887	0.646	0.1938	4	C	none			R	0			"
"EP	110001083	110070823	11:44:00	51.2586	2.7924	0.648	0.1944	4	C	none			R	0			"
"EP	110001083	110070824	11:46:00	51.2603	2.8013	0.644	0.1932	4	C	none			R	0			"
"EP	110001083	110070825	11:48:00	51.2665	2.8117	1.460	0.4380	4	C	none			R	0			"
"EP	110001083	110070826	11:50:00	51.2746	2.8194	0.645	0.1935	4	C	none			R	0			"
"EP	110001083	110070827	11:52:00	51.2757	2.8202	0.372	0.1116	4	C	none			R	0			"
"EP	110001083	110070828	11:54:00	51.2811	2.8238	1.666	0.4998	4	C	none			R	0			"
"EP	110001083	110070829	11:56:00	51.2898	2.8312	0.566	0.1698	4	C	none			R	0			"
"EP	110001083	110070830	11:58:00	51.2927	2.8382	0.623	0.1869	4	C	none			R	0			"
"EP	110001083	110070831	12:00:00	51.2948	2.8465	0.632	0.1896	3	C	none			N	0			"
"EP	110001083	110070832	12:02:00	51.2953	2.8483	0.366	0.1098	3	C	none			N	0			"
"EP	110001083	110070833	12:04:00	51.2975	2.8567	1.636	0.4908	3	C	none			N	0			"
"EP	110001083	110070834	12:06:00	51.2997	2.8651	0.369	0.1107	3	C	none			N	0			"
"EP	110001083	110070835	12:08:00	51.3020	2.8735	1.641	0.4923	3	C	none			N	0			"
"EP	110001083	110070836	12:10:00	51.3060	2.8885	0.633	0.1899	3	C	none			N	0			"
"EP	110001083	110070837	12:12:00	51.3082	2.8968	0.628	0.1884	3	C	none			N	0			"
"EP	110001083	110070838	12:14:00	51.3105	2.9052	0.637	0.1911	3	C	none			N	0			"
"EP	110001083	110070839	12:16:00	51.3127	2.9135	0.628	0.1884	3	C	none			N	0			"
"EP	110001083	110070840	12:18:00	51.3149	2.9218	0.629	0.1887	3	C	none			N	0			"
"EP	110001083	110070841	12:20:00	51.3154	2.9236	0.368	0.1104	3	C	none			N	0			"
"EP	110001083	110070842	12:22:00	51.3159	2.9253	0.631	0.1893	3	C	none			N	0			"
"EP	110001083	110070843	12:24:00	51.3181	2.9336	0.630	0.1890	3	C	none			N	0			"
"EP	110001083	110070844	12:26:00	51.3203	2.9420	0.639	0.1917	3	C	none			N	0			"
"EP	110001083	110070845	12:28:00	51.3244	2.9570	1.637	0.4911	3	C	none			N	0			"
"EP	110001083	110070846	12:30:00	51.3284	2.9720	0.635	0.1905	3	C	none			N	0			"
"EP	110001083	110070847	12:32:00	51.3289	2.9738	0.370	0.1110	3	C	none			N	0			"
"EP	110001083	110070848	12:34:00	51.3311	2.9822	1.643	0.4929	3	C	none			N	0			"
"EP	110001083	110070849	12:36:00	51.3352	2.9973	0.640	0.1920	3	C	none			N	0			"
"EP	110001083	110070850	12:38:00	51.3374	3.0058	0.645	0.1935	3	C	none			N	0			"
"EP	110001083	110070851	12:40:00	51.3379	3.0075	0.384	0.1152	3	C	none			N	0			"
"EP	110001083	110070852	12:42:00	51.3401	3.0160	1.665	0.4995	3	C	none			N	0			"
"EP	110001083	110070853	12:44:00	51.3442	3.0312	0.638	0.1914	3	C	none			N	0			"
"EP	110001083	110070854	12:46:00	51.3447	3.0330	0.372	0.1116	3	C	none			N	0			"
"EP	110001083	110070855	12:48:00	51.3451	3.0347	0.634	0.1902	3	C	none			N	0			"
"EP	110001083	110070856	12:50:00	51.3492	3.0500	1.683	0.5049	3	C	none			N	0			"
"EP	110001083	110070857	12:52:00	51.3533	3.0653	0.634	0.1902	3	C	none			N	0			"
"EP	110001083	110070858	12:54:00	51.3556	3.0738	0.639	0.1917	3	C	none			N	0			"
"EP	110001083	110070859	12:56:00	51.3578	3.0821	0.624	0.1872	3	C	none			N	0			"
"EP	110001083	110070860	12:58:00	51.3600	3.0905	0.640	0.1920	3	C	none			N	0			"
"EP	110001083	110070861	13:00:00	51.3605	3.0923	0.371	0.1113	3	C	none			N	0			"
"EP	110001083	110070862	13:02:00	51.3637	3.0998	1.631	0.4893	3	C	none			N	0			"
"EP	110001083	110070863	13:04:00	51.3683	3.1140	0.607	0.1821	3	C	none			N	0			"
"EP	110001083	110070864	13:06:00	51.3689	3.1224	0.581	0.1743	3	C	none			N	0			"
"EP	110001083	110070865	13:08:00	51.3689	3.1242	0.329	0.0987	3	C	none			N	0			"
"EO	110070426	1100336873		TRUE	ESAS	 5910	  1	F	A								"
"EO	110070426	1100336874		FALSE	ESAS	 5910	  1	F	A								"
"EO	110070426	1100336875		FALSE	ESAS	 5910	  1	F	A								"
"EO	110070426	1100336876		FALSE	ESAS	 5910	  1	F	A								"
"EO	110070427	1100336877		TRUE	ESAS	 5910	  1	F	A								"
"EO	110070427	1100336878		FALSE	ESAS	 5920	  1	F	2								"
"EO	110070428	1100336879		FALSE	ESAS	 5900	  1	F	A								"
"EO	110070431	1100336880		FALSE	ESAS	 2130	  3	F					NE				"
"EO	110070433	1100336881		FALSE	ESAS	 5910	  1	F	A								"
"EO	110070435	1100336882		TRUE	ESAS	 5780	  1	F	A								"
"EO	110070435	1100336883		TRUE	ESAS	63510	  1	B									"
"EO	110070436	1100336884		TRUE	ESAS	 5900	  1	F	2								"
"EO	110070438	1100336885		TRUE	ESAS	 2130	  3	D								94	"
"EO	110070439	1100336886	 1	TRUE	ESAS	 5910	  2	D								94	"
"EO	110070439	1100336887	 1	TRUE	ESAS	 5910	  1	D									"
"EO	110070439	1100336888		FALSE	ESAS	 5900	  1	F	2								"
"EO	110070439	1100336889		TRUE	ESAS	 5900	  1	A	2							94	"
"EO	110070439	1100336890		TRUE	ESAS	 5900	  1	B	2								"
"EO	110070440	1100336891		FALSE	ESAS	 5900	  1	F	A								"
"EO	110070440	1100336892		TRUE	ESAS	 5900	  1	F	2								"
"EO	110070440	1100336893		FALSE	ESAS	   20	  1	F					NE				"
"EO	110070440	1100336894		FALSE	ESAS	 2130	  4	F					NE				"
"EO	110070441	1100336895		FALSE	ESAS	 5780	  1	F	A								"
"EO	110070441	1100336896		TRUE	ESAS	 5900	  1	F	2								"
"EO	110070441	1100336897		FALSE	ESAS	 5900	  1	F	2								"
"EO	110070441	1100336898		TRUE	ESAS	 5920	  1	F	2								"
"EO	110070442	1100336899	 2	TRUE	ESAS	 5900	  4	A	2							94	"
"EO	110070442	1100336900	 2	TRUE	ESAS	 5900	  5	A	A							94	"
"EO	110070442	1100336901		FALSE	ESAS	 5900	  1	F	2								"
"EO	110070442	1100336902		FALSE	ESAS	 2130	 10	F					NE				"
"EO	110070443	1100336903		TRUE	ESAS	 5900	  1	A	A								"
"EO	110070443	1100336904		FALSE	ESAS	 2130	  4	F									"
"EO	110070443	1100336905		FALSE	ESAS	 5910	  1	E	A								"
"EO	110070443	1100336906		TRUE	ESAS	 5910	  1	A	A							94	"
"EO	110070443	1100336907		FALSE	ESAS	 5900	  1	F	A								"
"EO	110070443	1100336908		FALSE	ESAS	 5920	  1	F	3								"
"EO	110070443	1100336909		FALSE	ESAS	 5910	  1	F	A								"
"EO	110070444	1100336910		FALSE	ESAS	 5910	  1	E	A								"
"EO	110070444	1100336911		TRUE	ESAS	 5910	  3	B	A								"
"EO	110070444	1100336912		TRUE	ESAS	 5910	  2	D	A								"
"EO	110070445	1100336913	 3	TRUE	ESAS	 5900	  5	D									"
"EO	110070445	1100336914	 3	TRUE	ESAS	 5920	  1	D	I								"
"EO	110070445	1100336915	 3	TRUE	ESAS	 5910	  4	B									"
"EO	110070445	1100336916	 3	TRUE	ESAS	 5910	 10	D									"
"EO	110070446	1100336917		TRUE	ESAS	 5910	  9	W	A								"
"EO	110070446	1100336918		FALSE	ESAS	 5900	  7	E									"
"EO	110070446	1100336919		FALSE	ESAS	 2130	  2	F									"
"EO	110070446	1100336920		TRUE	ESAS	 5920	  1	C	2								"
"EO	110070448	1100336921	 4	TRUE	ESAS	 5900	  3	B	2							94	"
"EO	110070448	1100336922	 4	TRUE	ESAS	 5780	  1	B	A							94	"
"EO	110070448	1100336923	 4	TRUE	ESAS	 5900	  2	B	A							94	"
"EO	110070448	1100336924		TRUE	ESAS	 5900	  1	B	A							94	"
"EO	110070449	1100336925	 5	TRUE	ESAS	 5900	  1	C									"
"EO	110070449	1100336926	 5	TRUE	ESAS	 5920	  1	C	A								"
"EO	110070449	1100336927	 6	TRUE	ESAS	 5900	  1	B	A								"
"EO	110070449	1100336928	 6	TRUE	ESAS	 5910	  1	B	A								"
"EO	110070450	1100336929	 7	TRUE	ESAS	 5780	  9	C	A							94	"
"EO	110070450	1100336930	 7	TRUE	ESAS	 5780	  1	C	2							94	"
"EO	110070450	1100336931		TRUE	ESAS	 5900	  1	C	A								"
"EO	110070451	1100336932		FALSE	ESAS	 5900	  1	F	2								"
"EO	110070451	1100336933		FALSE	ESAS	 2130	  5	F									"
"EO	110070452	1100336934		FALSE	ESAS	 2130	150	E									"
"EO	110070453	1100336935		FALSE	ESAS	 5910	  1	F	4								"
"EO	110070453	1100336936		TRUE	ESAS	 5900	  1	A	A								"
"EO	110070456	1100336937		FALSE	ESAS	 5900	  1	F	2								"
"EO	110070457	1100336938		FALSE	ESAS	 5900	  1	A	A							44	"
"EO	110070457	1100336939		TRUE	ESAS	  710	  1	D	A								"
"EO	110070457	1100336940		FALSE	ESAS	 6110	  1	D	A						22		"
"EO	110070457	1100336941		TRUE	ESAS	 5900	  1	C	2								"
"EO	110070458	1100336942		TRUE	ESAS	  710	  1	A	A								"
"EO	110070458	1100336943		TRUE	ESAS	 5910	  1	D	A								"
"EO	110070459	1100336944	 8	TRUE	ESAS	 6020	  1	F	A							49	"
"EO	110070459	1100336945	 8	TRUE	ESAS	 6360	  6	A									"
"EO	110070459	1100336946	 8	TRUE	ESAS	 6340	  2	A									"
"EO	110070459	1100336947		TRUE	ESAS	  710	  2	C	A								"
"EO	110070459	1100336948		FALSE	ESAS	  720	  1	F	A		B						"
"EO	110070460	1100336949	10	TRUE	ESAS	 6360	  2	A									"
"EO	110070460	1100336950	10	TRUE	ESAS	 6340	  1	A									"
"EO	110070460	1100336951	11	TRUE	ESAS	 6360	  1	C			B						"
"EO	110070460	1100336952	11	TRUE	ESAS	 6360	  1	C			T						"
"EO	110070460	1100336953	 9	TRUE	ESAS	 6340	  3	A									"
"EO	110070460	1100336954	 9	TRUE	ESAS	  710	  3	A									"
"EO	110070460	1100336955	 9	TRUE	ESAS	 5910	  2	A									"
"EO	110070460	1100336956		TRUE	ESAS	 6340	  1	C									"
"EO	110070460	1100336957		TRUE	ESAS	64310	  1	B									"
"EO	110070460	1100336958		FALSE	ESAS	 6340	  2	A									"
"EO	110070461	1100336959	12	TRUE	ESAS	 5900	  1	F	3								"
"EO	110070461	1100336960	12	TRUE	ESAS	 5900	  1	F	A								"
"EO	110070461	1100336961	12	TRUE	ESAS	 5900	  1	F	2								"
"EO	110070461	1100336962	13	TRUE	ESAS	 6360	  6	B									"
"EO	110070461	1100336963	13	TRUE	ESAS	 6020	  1	B	2								"
"EO	110070461	1100336964	13	TRUE	ESAS	 5900	  2	B	A								"
"EO	110070461	1100336965		FALSE	ESAS	 5900	  1	F	2								"
"EO	110070461	1100336966		TRUE	ESAS	 5900	  1	B	A								"
"EO	110070463	1100336967		TRUE	ESAS	  710	  1	C								94	"
"EO	110070463	1100336968		TRUE	ESAS	 6340	  1	D			B						"
"EO	110070464	1100336969	14	TRUE	ESAS	 6360	  1	A			T						"
"EO	110070464	1100336970	14	TRUE	ESAS	 6360	  2	A			B						"
"EO	110070465	1100336971	15	TRUE	ESAS	 5900	  1	D	A						13		"
"EO	110070465	1100336972	15	TRUE	ESAS	 5900	  1	D	2						13		"
"EO	110070465	1100336973	16	TRUE	ESAS	 6360	  1	D			W						"
"EO	110070465	1100336974	16	TRUE	ESAS	 6340	  1	D			W						"
"EO	110070465	1100336975	16	TRUE	ESAS	 6360	  2	D			B						"
"EO	110070466	1100336976	17	TRUE	ESAS	 5900	  2	B	2								"
"EO	110070466	1100336977	17	TRUE	ESAS	 6020	  1	B	A								"
"EO	110070466	1100336978		TRUE	ESAS	  710	  1	B	A								"
"EO	110070466	1100336979		TRUE	ESAS	 5910	  1	A	A							94	"
"EO	110070466	1100336980		TRUE	ESAS	 6020	  1	A	A							94	"
"EO	110070467	1100336981		TRUE	ESAS	 6340	  1	B			T						"
"EO	110070469	1100336982	18	TRUE	ESAS	 6340	  1	B			W						"
"EO	110070469	1100336983	18	TRUE	ESAS	 6340	  1	B			B						"
"EO	110070471	1100336984		TRUE	ESAS	  710	  1	D	3							45	"
"EO	110070472	1100336985		FALSE	ESAS	  710	  1	F	A								"
"EO	110070472	1100336986		TRUE	ESAS	 6340	  1	B			W						"
"EO	110070474	1100336987	19	FALSE	ESAS	 5900	  1	F	A							49	"
"EO	110070474	1100336988	19	FALSE	ESAS	63510	  1	E									90° 500M"
"EO	110070474	1100336989		TRUE	ESAS	 5900	  1	F	A								"
"EO	110070474	1100336990		FALSE	ESAS	 5910	  1	F	A								"
"EO	110070477	1100336991	20	TRUE	ESAS	 6340	  1	A			B						"
"EO	110070477	1100336992	20	TRUE	ESAS	 6340	  1	A			W						"
"EO	110070477	1100336993		TRUE	ESAS	64320	  1	A									"
"EO	110070477	1100336994		TRUE	ESAS	 5900	  1	A	A							94	"
"EO	110070477	1100336995		FALSE	ESAS	  710	  5	E									"
"EO	110070477	1100336996		TRUE	ESAS	 5900	  1	A	2							94	"
"EO	110070478	1100336997	21	TRUE	ESAS	 5910	  1	C	A							40	"
"EO	110070478	1100336998	21	TRUE	ESAS	 5910	  1	C	2							40	"
"EO	110070478	1100336999	22	TRUE	ESAS	 6360	  1	C									"
"EO	110070478	1100337000	22	TRUE	ESAS	 6340	  3	C									"
"EO	110070478	1100337001	22	TRUE	ESAS	 6020	  1	C	A								"
"EO	110070478	1100337002		TRUE	ESAS	 5920	  1	A	3							94	"
"EO	110070478	1100337003		TRUE	ESAS	 6340	  3	D									"
"EO	110070478	1100337004		TRUE	ESAS	 6340	  1	C									"
"EO	110070478	1100337005		TRUE	ESAS	  710	  2	C									"
"EO	110070478	1100337006		TRUE	ESAS	 6020	  1	D	A								"
"EO	110070479	1100337007	23	TRUE	ESAS	 6340	  2	B			B						"
"EO	110070479	1100337008	23	TRUE	ESAS	 6340	  1	B			W						"
"EO	110070479	1100337009		TRUE	ESAS	 6340	  2	A			W						"
"EO	110070479	1100337010		TRUE	ESAS	 6340	  2	A			W						"
"EO	110070479	1100337011		TRUE	ESAS	 6340	  1	C			B						"
"EO	110070480	1100337012	24	TRUE	ESAS	 6340	  1	C			T						"
"EO	110070480	1100337013	24	TRUE	ESAS	 6340	  1	C			W						"
"EO	110070480	1100337014	25	TRUE	ESAS	 6360	  2	B			B						"
"EO	110070480	1100337015	25	TRUE	ESAS	 6020	  1	B	A								"
"EO	110070480	1100337016		TRUE	ESAS	 6360	  1	C			B						"
"EO	110070480	1100337017		TRUE	ESAS	 6340	  2	A									"
"EO	110070480	1100337018		FALSE	ESAS	 6020	  1	F	A								"
"EO	110070480	1100337019		TRUE	ESAS	 6340	  1	C			W						"
"EO	110070481	1100337020	26	TRUE	ESAS	 6360	  1	A			W					48	"
"EO	110070481	1100337021	26	TRUE	ESAS	 6020	  1	A	A							49	"
"EO	110070481	1100337022	26	TRUE	ESAS	 6360	  2	A			B					48	"
"EO	110070482	1100337023		TRUE	ESAS	 6340	  1	A			W						"
"EO	110070482	1100337024		TRUE	ESAS	 6020	  1	D	2								"
"EO	110070482	1100337025		TRUE	ESAS	 5910	  1	F	A								"
"EO	110070483	1100337026		FALSE	ESAS	 5910	  1	F	A								"
"EO	110070483	1100337027		FALSE	ESAS	  710	  1	E	A								"
"EO	110070485	1100337028		TRUE	ESAS	 6340	  1	A			W					93	"
"EO	110070487	1100337029		TRUE	ESAS	 6340	  1	D			B						"
"EO	110070488	1100337030		FALSE	ESAS	 6345	 20	E							13		EDGE OF OOSTHINDER"
"EO	110070488	1100337031		FALSE	ESAS	  710	 15	E							13		EDGE OF OOSTHINDER"
"EO	110070489	1100337032		TRUE	ESAS	 6340	  2	D							13		EDGE OF OOSTHINDER"
"EO	110070489	1100337033		TRUE	ESAS	 6340	  1	A			B				13		EDGE OF OOSTHINDER"
"EO	110070489	1100337034		TRUE	ESAS	 6340	  5	C							13		EDGE OF OOSTHINDER"
"EO	110070489	1100337035		TRUE	ESAS	 6340	  1	D							13		EDGE OF OOSTHINDER"
"EO	110070490	1100337036		TRUE	ESAS	 6340	  3	B			B				13		EDGE OF OOSTHINDER"
"EO	110070495	1100337037		TRUE	ESAS	 6360	  1	C									"
"EO	110070501	1100337038	27	FALSE	ESAS	 6020	  4	E									"
"EO	110070501	1100337039	27	FALSE	ESAS	 6345	  4	E								48	"
"EO	110070503	1100337040	28	FALSE	ESAS	 6340	  1	E			B				13		"
"EO	110070503	1100337041	28	FALSE	ESAS	 6340	  1	E			W				13		EDGE OF NOORDHINDER"
"EO	110070503	1100337042		FALSE	ESAS	  710	  6	F							13	49	EDGE OF NOORDHINDER"
"EO	110070503	1100337043		TRUE	ESAS	 6340	  2	C			W				13		EDGE OF NOORDHINDER"
"EO	110070503	1100337044		FALSE	ESAS	  710	  5	E							13	45	EDGE OF NOORDHINDER"
"EO	110070506	1100337045		TRUE	ESAS	 6340	  1	B			W					93	"
"EO	110070507	1100337046		TRUE	ESAS	 6340	  1	D			B						"
"EO	110070507	1100337047		FALSE	ESAS	 5900	  1	F	2								"
"EO	110070510	1100337049		TRUE	ESAS	 6340	  1	A			B						"
"EO	110070510	1100337050		FALSE	ESAS	   59	  1	F									"
"EO	110070511	1100337051		FALSE	ESAS	 6345	  3	W									"
"EO	110070511	1100337052		FALSE	ESAS	 6345	  5	W									"
"EO	110070511	1100337053		FALSE	ESAS	  710	  2	W									"
"EO	110070513	1100337054		TRUE	ESAS	64320	  1	W									"
"EO	110070514	1100337055		TRUE	ESAS	 5900	  1	F	2								"
"EO	110070515	1100337056	 1	FALSE	ESAS	 6009	  1	F	I								"
"EO	110070515	1100337057	 1	FALSE	ESAS	 5910	  1	F	A								"
"EO	110070516	1100337058	 2	TRUE	ESAS	 6360	  3	C			B					93	"
"EO	110070516	1100337059	 2	TRUE	ESAS	 6340	  1	C			B					93	"
"EO	110070516	1100337060	 2	TRUE	ESAS	 6020	  1	C	A								"
"EO	110070516	1100337061	 3	TRUE	ESAS	 5910	  2	F	A								"
"EO	110070516	1100337062	 3	TRUE	ESAS	 5910	  1	F	4								"
"EO	110070516	1100337063		TRUE	ESAS	64310	  1	W									"
"EO	110070518	1100337064		TRUE	ESAS	 6340	  1	D			B						"
"EO	110070519	1100337065		FALSE	ESAS	63510	  1	E									90° 500M"
"EO	110070519	1100337066		TRUE	ESAS	 6340	  2	C			W						"
"EO	110070519	1100337067		FALSE	ESAS	  710	  2	F	A				SW				"
"EO	110070520	1100337068		FALSE	ESAS	  710	  1	E	I								"
"EO	110070521	1100337069	 4	FALSE	ESAS	 6360	  2	E			W						"
"EO	110070521	1100337070	 4	FALSE	ESAS	 6360	  1	E			B						"
"EO	110070522	1100337071		FALSE	ESAS	 6340	  4	E									"
"EO	110070522	1100337072		TRUE	ESAS	 6340	  2	B			W						"
"EO	110070523	1100337073	 5	FALSE	ESAS	 6340	  1	E			T						"
"EO	110070523	1100337074	 5	FALSE	ESAS	 6340	  1	E			W						"
"EO	110070523	1100337075	 6	FALSE	ESAS	 6345	  6	E									"
"EO	110070523	1100337076	 6	FALSE	ESAS	 6020	  1	E	A								"
"EO	110070523	1100337077		FALSE	ESAS	  710	  1	F									"
"EO	110070523	1100337078		TRUE	ESAS	 6340	  1	C			B						"
"EO	110070524	1100337079	 7	TRUE	ESAS	 6340	  1	D			B						"
"EO	110070524	1100337080	 7	TRUE	ESAS	 6340	  1	D			W						"
"EO	110070524	1100337081		TRUE	ESAS	 6340	  1	D			T						"
"EO	110070525	1100337082	 8	TRUE	ESAS	 6340	  2	D			W						"
"EO	110070525	1100337083	 8	TRUE	ESAS	 6340	  1	D			B						"
"EO	110070526	1100337084	 9	FALSE	ESAS	  710	  8	E									"
"EO	110070526	1100337085	 9	FALSE	ESAS	 6345	 18	E									"
"EO	110070526	1100337086		TRUE	ESAS	 6340	  1	D			W						"
"EO	110070526	1100337087		FALSE	ESAS	  710	  2	F									"
"EO	110070528	1100337088	10	TRUE	ESAS	 6340	  2	A			B						"
"EO	110070528	1100337089	10	TRUE	ESAS	 6340	  1	A			W						"
"EO	110070528	1100337090	11	TRUE	ESAS	 6360	  1	A			W						"
"EO	110070528	1100337091	11	TRUE	ESAS	 6360	  1	A			B						"
"EO	110070528	1100337092	12	FALSE	ESAS	 6345	  3	E									"
"EO	110070528	1100337093	12	FALSE	ESAS	 6020	  1	E									"
"EO	110070528	1100337094		TRUE	ESAS	 6340	  1	D			W						"
"EO	110070529	1100337095		TRUE	ESAS	 6360	  2	B			W						"
"EO	110070529	1100337096		TRUE	ESAS	  710	  1	C	A								"
"EO	110070530	1100337097	13	TRUE	ESAS	 6340	  4	D									"
"EO	110070530	1100337098	13	TRUE	ESAS	 6020	  1	D	A								"
"EO	110070530	1100337099		FALSE	ESAS	  710	  2	E									"
"EO	110070530	1100337100		TRUE	ESAS	 6340	  2	C									"
"EO	110070530	1100337101		TRUE	ESAS	 6340	  1	D			W						"
"EO	110070530	1100337102		FALSE	ESAS	 6340	  5	E									"
"EO	110070531	1100337103	14	TRUE	ESAS	 6340	  1	C			T						"
"EO	110070531	1100337104	14	TRUE	ESAS	 6340	  1	C			B						"
"EO	110070531	1100337105	15	FALSE	ESAS	 6340	  1	A									"
"EO	110070531	1100337106	15	FALSE	ESAS	 6360	  4	A									"
"EO	110070531	1100337107		FALSE	ESAS	 5910	  1	F	A								"
"EO	110070531	1100337108		TRUE	ESAS	 6340	  4	A								93	"
"EO	110070532	1100337109	16	TRUE	ESAS	 6360	  2	A								93	"
"EO	110070532	1100337110	16	TRUE	ESAS	 6340	  2	A								93	"
"EO	110070532	1100337111	16	TRUE	ESAS	 6020	  1	A								94	"
"EO	110070532	1100337112		FALSE	ESAS	 6340	  2	E			W						"
"EO	110070532	1100337113		FALSE	ESAS	 6340	  1	E			B						"
"EO	110070532	1100337114		TRUE	ESAS	 6340	  1	A			B						"
"EO	110070534	1100337115	17	TRUE	ESAS	 6020	  1	D	A								"
"EO	110070534	1100337116	17	TRUE	ESAS	 6360	  7	D									"
"EO	110070534	1100337117	18	FALSE	ESAS	 6020	  2	E									"
"EO	110070534	1100337118	18	FALSE	ESAS	 6345	  5	E									"
"EO	110070534	1100337119	18	FALSE	ESAS	  710	  1	E									"
"EO	110070534	1100337120		TRUE	ESAS	  220	  1	D			L						"
"EO	110070535	1100337121	19	TRUE	ESAS	 6360	  3	A			B						"
"EO	110070535	1100337122	19	TRUE	ESAS	 6020	  1	A	A								"
"EO	110070535	1100337123	20	TRUE	ESAS	  710	  1	A	A							45	"
"EO	110070535	1100337124	20	TRUE	ESAS	 6020	  1	A	A							45	"
"EO	110070535	1100337125	20	TRUE	ESAS	 6360	  3	A									"
"EO	110070535	1100337126		TRUE	ESAS	 6020	  1	F	2							49	"
"EO	110070536	1100337127	21	TRUE	ESAS	 6360	  3	D									"
"EO	110070536	1100337128	21	TRUE	ESAS	 6020	  1	D									"
"EO	110070536	1100337129		TRUE	ESAS	 6340	  2	B									"
"EO	110070537	1100337130		TRUE	ESAS	 5910	  1	F	A								"
"EO	110070538	1100337131		TRUE	ESAS	 6360	  4	A									"
"EO	110070538	1100337132		TRUE	ESAS	 6360	  2	A									"
"EO	110070538	1100337133		FALSE	ESAS	  710	  1	F	A								"
"EO	110070539	1100337134		TRUE	ESAS	 6340	  1	C			T						"
"EO	110070539	1100337135		TRUE	ESAS	 6340	  1	B			W						"
"EO	110070539	1100337136		FALSE	ESAS	  710	  1	E	3								"
"EO	110070540	1100337137		FALSE	ESAS	 6340	  2	E			T						"
"EO	110070541	1100337138		TRUE	ESAS	 6360	  3	C									"
"EO	110070541	1100337139		TRUE	ESAS	 6340	  1	C			W						"
"EO	110070541	1100337140		TRUE	ESAS	 6340	  1	A			W						"
"EO	110070542	1100337141	22	FALSE	ESAS	 6020	  4	E									"
"EO	110070542	1100337142	22	FALSE	ESAS	 6345	  9	E									"
"EO	110070542	1100337143	23	TRUE	ESAS	  710	  1	C	A								"
"EO	110070542	1100337144	23	TRUE	ESAS	 6020	  1	C	A								"
"EO	110070543	1100337145	24	TRUE	ESAS	 6020	  2	C	A								"
"EO	110070543	1100337146	24	TRUE	ESAS	 6360	 11	C								48	"
"EO	110070543	1100337147	24	TRUE	ESAS	 6020	  1	C	2								"
"EO	110070545	1100337148	25	TRUE	ESAS	 6360	  5	B									"
"EO	110070545	1100337149	25	TRUE	ESAS	 6020	  1	B	A								"
"EO	110070545	1100337150	26	TRUE	ESAS	 6360	  4	D									"
"EO	110070545	1100337151	26	TRUE	ESAS	 6020	  3	D									"
"EO	110070546	1100337152		TRUE	ESAS	 6360	  4	B									"
"EO	110070547	1100337153		TRUE	ESAS	62260	  1	B									0° 1KM"
"EO	110070548	1100337154		TRUE	ESAS	 6340	  4	A									"
"EO	110070551	1100337155	27	FALSE	ESAS	 6360	  9	E									"
"EO	110070551	1100337156	27	FALSE	ESAS	 6020	  1	E	A								"
"EO	110070551	1100337157		FALSE	ESAS	62260	  1	E									90° 500M - SAME IND"
"EO	110070552	1100337158		FALSE	ESAS	   20	  4	F									"
"EO	110070553	1100337159		TRUE	ESAS	 6020	  4	D									"
"EO	110070554	1100337160	28	TRUE	ESAS	 6360	  2	D			B						"
"EO	110070554	1100337161	28	TRUE	ESAS	 6360	  3	D			W						"
"EO	110070554	1100337162		TRUE	ESAS	 6020	  2	C	A								"
"EO	110070554	1100337163		TRUE	ESAS	 6340	  1	B			B						"
"EO	110070555	1100337164		FALSE	ESAS	 6360	  1	F									"
"EO	110070555	1100337165		TRUE	ESAS	 6340	  2	B			W						"
"EO	110070556	1100337166	29	TRUE	ESAS	 6340	  1	C			W						"
"EO	110070556	1100337167	29	TRUE	ESAS	 6340	  1	C			B						"
"EO	110070556	1100337168		TRUE	ESAS	 6340	  1	B			T						"
"EO	110070557	1100337169	30	TRUE	ESAS	 6340	  1	D			B						"
"EO	110070557	1100337170	30	TRUE	ESAS	 6340	  2	D			W						"
"EO	110070557	1100337171	31	TRUE	ESAS	 6360	  4	C									"
"EO	110070557	1100337172	31	TRUE	ESAS	 6340	  1	C									"
"EO	110070557	1100337173		TRUE	ESAS	 6340	  5	D									"
"EO	110070557	1100337174		FALSE	ESAS	 6340	  3	E									"
"EO	110070558	1100337175		TRUE	ESAS	 6360	  8	B									"
"EO	110070558	1100337176		TRUE	ESAS	 6340	  3	C									"
"EO	110070558	1100337177		TRUE	ESAS	 6340	  3	A									"
"EO	110070558	1100337178		TRUE	ESAS	 6340	  2	A			B						ONE BRILLED IND"
"EO	110070559	1100337179		TRUE	ESAS	 6340	  2	B									"
"EO	110070559	1100337180		TRUE	ESAS	 6340	  3	C									"
"EO	110070559	1100337181		TRUE	ESAS	 6360	  2	C									"
"EO	110070559	1100337182		TRUE	ESAS	 6360	  3	A									"
"EO	110070559	1100337183		TRUE	ESAS	 6340	  3	C									"
"EO	110070560	1100337184	32	TRUE	ESAS	 6340	  2	A									"
"EO	110070560	1100337185	32	TRUE	ESAS	 6360	  2	A									"
"EO	110070560	1100337186		TRUE	ESAS	 6340	  1	C			W						"
"EO	110070560	1100337187		TRUE	ESAS	 6340	  1	C									"
"EO	110070560	1100337188		TRUE	ESAS	 6340	  1	A			B						"
"EO	110070560	1100337189		TRUE	ESAS	 6360	  2	A									"
"EO	110070561	1100337190		TRUE	ESAS	 6340	  5	C									"
"EO	110070561	1100337191		TRUE	ESAS	 6340	  4	B									"
"EO	110070561	1100337192		TRUE	ESAS	 6340	  1	B									"
"EO	110070561	1100337193		TRUE	ESAS	 6340	  1	B									"
"EO	110070561	1100337194		TRUE	ESAS	 6340	  1	D			B						"
"EO	110070561	1100337195		TRUE	ESAS	 6340	  1	B									"
"EO	110070561	1100337196		FALSE	ESAS	64320	  1	E									"
"EO	110070562	1100337197		TRUE	ESAS	 6360	  4	B									"
"EO	110070562	1100337198		TRUE	ESAS	 6340	  2	C									"
"EO	110070562	1100337199		TRUE	ESAS	 6360	  2	C									"
"EO	110070563	1100337200		TRUE	ESAS	 6340	  2	C			B						"
"EO	110070563	1100337201		TRUE	ESAS	 6340	  1	A			W						"
"EO	110070564	1100337202	33	TRUE	ESAS	 6340	  1	C			W						"
"EO	110070564	1100337203	33	TRUE	ESAS	 6340	  1	C			B						"
"EO	110070564	1100337204	34	TRUE	ESAS	 6340	  1	C			W						"
"EO	110070564	1100337205	34	TRUE	ESAS	 6340	  1	C			B						"
"EO	110070564	1100337206	35	TRUE	ESAS	 6340	  1	A			B						"
"EO	110070564	1100337207	35	TRUE	ESAS	 6340	  1	A			T						"
"EO	110070564	1100337208		TRUE	ESAS	  710	  1	F									"
"EO	110070564	1100337209		TRUE	ESAS	 6340	  2	C									"
"EO	110070564	1100337210		TRUE	ESAS	 6340	  1	A			B						"
"EO	110070565	1100337211		TRUE	ESAS	 5910	  1	A									"
"EO	110070565	1100337212		TRUE	ESAS	 5910	  6	B									"
"EO	110070565	1100337213		TRUE	ESAS	 6340	  1	B			W						"
"EO	110070565	1100337214		TRUE	ESAS	 5910	  3	C									"
"EO	110070565	1100337215		FALSE	ESAS	  220	  1	F									"
"EO	110070566	1100337216		FALSE	ESAS	 5900	  1	F	2								"
"EO	110070566	1100337217		TRUE	ESAS	 6340	  1	C			B						"
"EO	110070569	1100337218		FALSE	ESAS	 5900	  2	F	A								"
"EO	110070570	1100337219		FALSE	ESAS	 6340	  2	E									"
"EO	110070570	1100337220		FALSE	ESAS	 5910	  1	F	A								"
"EO	110070570	1100337221		TRUE	ESAS	 6360	  2	C									"
"EO	110070571	1100337222		TRUE	ESAS	 5900	  1	F	2								"
"EO	110070571	1100337223		FALSE	ESAS	 5410	  1	F									"
"EO	110070571	1100337224		FALSE	ESAS	 6360	  1	F									"
"EO	110070575	1100337225	36	TRUE	ESAS	 6360	  1	B			T						"
"EO	110070575	1100337226	36	TRUE	ESAS	 6360	  1	B			B						"
"EO	110070577	1100337227		FALSE	ESAS	  710	  1	F	A								"
"EO	110070578	1100337228		TRUE	ESAS	 6360	  3	C									"
"EO	110070578	1100337229		FALSE	ESAS	 5900	  1	F	3								"
"EO	110070581	1100337230		TRUE	ESAS	 6340	  2	C			B						"
"EO	110070581	1100337231		FALSE	ESAS	 6340	  1	E			W						"
"EO	110070581	1100337232		TRUE	ESAS	 6340	  1	D			B						"
"EO	110070581	1100337233		TRUE	ESAS	 6340	  1	B			B						"
"EO	110070581	1100337234		TRUE	ESAS	 6340	  1	B			W						"
"EO	110070582	1100337235		TRUE	ESAS	 6340	  1	B			B						"
"EO	110070582	1100337236		FALSE	ESAS	  710	  1	F	A								"
"EO	110070582	1100337237		FALSE	ESAS	 5910	  1	F	A								"
"EO	110070582	1100337238		TRUE	ESAS	 6340	  2	C			W						"
"EO	110070583	1100337239		TRUE	ESAS	 6340	  1	C									"
"EO	110070583	1100337240		TRUE	ESAS	 6340	  1	B			T						"
"EO	110070583	1100337241		TRUE	ESAS	 6340	  1	B									"
"EO	110070583	1100337242		TRUE	ESAS	 6340	  1	B			W						"
"EO	110070583	1100337243		TRUE	ESAS	 6340	 11	W									"
"EO	110070583	1100337244		TRUE	ESAS	 6340	  1	A			W						"
"EO	110070584	1100337245		TRUE	ESAS	 6340	  1	A			T						"
"EO	110070584	1100337246		FALSE	ESAS	 5920	  1	F	2								"
"EO	110070584	1100337247		TRUE	ESAS	 6340	  8	W									"
"EO	110070584	1100337248		FALSE	ESAS	 6340	  5	E									"
"EO	110070584	1100337249		FALSE	ESAS	 5910	  1	F	A								"
"EO	110070585	1100337250		TRUE	ESAS	 6340	  3	C									"
"EO	110070585	1100337251		TRUE	ESAS	 6340	  1	C									"
"EO	110070585	1100337252		TRUE	ESAS	 6360	  2	A									"
"EO	110070586	1100337253		TRUE	ESAS	 6340	  3	A									"
"EO	110070586	1100337254		TRUE	ESAS	 6340	 14	W									"
"EO	110070586	1100337255		FALSE	ESAS	 5920	  1	F	A								"
"EO	110070587	1100337256		TRUE	ESAS	 6340	  1	C									"
"EO	110070587	1100337257		TRUE	ESAS	 6340	  2	C									"
"EO	110070587	1100337258		TRUE	ESAS	 6340	  9	B									"
"EO	110070587	1100337259		TRUE	ESAS	 6340	  1	B									"
"EO	110070587	1100337260		TRUE	ESAS	 6340	  1	C			W						"
"EO	110070587	1100337261		TRUE	ESAS	 6340	  2	D			W						"
"EO	110070587	1100337262		FALSE	ESAS	 5900	  1	F	2								"
"EO	110070587	1100337263		FALSE	ESAS	 6340	  4	E									"
"EO	110070587	1100337264		TRUE	ESAS	 6340	  1	C			W						"
"EO	110070588	1100337265	37	TRUE	ESAS	 6340	  2	C			B						"
"EO	110070588	1100337266	37	TRUE	ESAS	 6340	  1	C			W						"
"EO	110070588	1100337267	37	TRUE	ESAS	 6340	  1	C			T						"
"EO	110070588	1100337268		TRUE	ESAS	 6340	  1	C			B						"
"EO	110070588	1100337269		TRUE	ESAS	 6340	  3	C									"
"EO	110070588	1100337270		TRUE	ESAS	 6340	  3	D									"
"EO	110070589	1100337271	38	TRUE	ESAS	 6340	  2	A			B						"
"EO	110070589	1100337272	38	TRUE	ESAS	 6340	  1	A			W						"
"EO	110070589	1100337273		TRUE	ESAS	 6340	  1	A			W						"
"EO	110070589	1100337274		TRUE	ESAS	 6360	  2	C								48~30	"
"EO	110070589	1100337275		FALSE	ESAS	  710	  1	F	A								"
"EO	110070589	1100337276		TRUE	ESAS	 6360	  1	D			W						"
"EO	110070589	1100337277		TRUE	ESAS	 6340	  1	A			W						"
"EO	110070589	1100337278		FALSE	ESAS	 5900	  1	F	2								"
"EO	110070590	1100337279		TRUE	ESAS	 6340	  5	A									"
"EO	110070590	1100337280		TRUE	ESAS	 6340	 14	W									"
"EO	110070590	1100337281		TRUE	ESAS	 6340	  1	B			W						"
"EO	110070590	1100337282		TRUE	ESAS	 6340	  1	C									"
"EO	110070590	1100337283		FALSE	ESAS	 5900	  1	F	3								"
"EO	110070590	1100337284		TRUE	ESAS	 6340	  4	D									"
"EO	110070591	1100337285		TRUE	ESAS	 6340	  3	D									"
"EO	110070591	1100337286		TRUE	ESAS	 6340	  1	C									"
"EO	110070592	1100337287		TRUE	ESAS	 6360	  2	C									"
"EO	110070592	1100337288		TRUE	ESAS	 6340	  1	A			W						"
"EO	110070592	1100337289		TRUE	ESAS	 6340	  1	C			W						"
"EO	110070592	1100337290		FALSE	ESAS	 6020	  1	F	A							49	"
"EO	110070593	1100337291	39	TRUE	ESAS	 6340	  1	C			W						"
"EO	110070593	1100337292	39	TRUE	ESAS	 6340	  1	C			T						"
"EO	110070593	1100337293	40	TRUE	ESAS	 6340	  2	C			W						"
"EO	110070593	1100337294	40	TRUE	ESAS	 6340	  1	C			T						"
"EO	110070593	1100337295		TRUE	ESAS	 6340	  2	D			W						"
"EO	110070593	1100337296		TRUE	ESAS	 6340	  1	A			B						"
"EO	110070594	1100337297	41	TRUE	ESAS	 6340	  2	D			W						"
"EO	110070594	1100337298	41	TRUE	ESAS	 6340	  1	D			T						"
"EO	110070594	1100337299		TRUE	ESAS	 6340	  1	D			W						"
"EO	110070594	1100337300		TRUE	ESAS	 6340	  1	D			W						"
"EO	110070594	1100337301		TRUE	ESAS	 6340	  1	C			W						"
"EO	110070595	1100337302	42	TRUE	ESAS	 6340	  1	B			B						"
"EO	110070595	1100337303	42	TRUE	ESAS	 6340	  2	B			T						"
"EO	110070595	1100337304		TRUE	ESAS	 6340	  1	B			W						"
"EO	110070596	1100337305		FALSE	ESAS	 6360	  3	E									"
"EO	110070596	1100337306		FALSE	ESAS	 5910	  1	F									"
"EO	110070596	1100337307		TRUE	ESAS	 6360	  1	A			T						"
"EO	110070597	1100337308		FALSE	ESAS	 5900	  1	F	A								"
"EO	110070599	1100337309		FALSE	ESAS	 6360	  6	A									"
"EO	110070600	1100337310		TRUE	ESAS	 6340	  1	A								93	"
"EO	110070600	1100337311		FALSE	ESAS	 6340	  2	A			W						"
"EO	110070601	1100337312		TRUE	ESAS	 6340	  1	A			B						"
"EO	110070601	1100337313		TRUE	ESAS	 6340	  1	C			W						"
"EO	110070601	1100337314		TRUE	ESAS	 6340	  1	C			T						"
"EO	110070602	1100337315		TRUE	ESAS	 6340	  1	D			B						"
"EO	110070602	1100337316		TRUE	ESAS	 6340	  1	A			T						"
"EO	110070602	1100337317		FALSE	ESAS	 6340	  4	W									"
"EO	110070603	1100337318		TRUE	ESAS	 6340	  1	A			B						"
"EO	110070603	1100337319		TRUE	ESAS	 6340	  1	A			B						"
"EO	110070603	1100337320		TRUE	ESAS	 6340	  1	A			T						"
"EO	110070604	1100337321	43	TRUE	ESAS	 6340	  1	C			B						"
"EO	110070604	1100337322	43	TRUE	ESAS	 6340	  1	C			W						"
"EO	110070606	1100337323		FALSE	ESAS	 5900	  1	F	3								"
"EO	110070606	1100337324		FALSE	ESAS	 5900	  3	F	2								"
"EO	110070606	1100337325		FALSE	ESAS	 5910	  1	F	A								"
"EO	110070607	1100337326		FALSE	ESAS	 6340	  2	E									"
"EO	110070607	1100337327		TRUE	ESAS	 6340	  1	C									"
"EO	110070607	1100337328		FALSE	ESAS	  220	  1	E									"
"EO	110070608	1100337329	44	FALSE	ESAS	  220	  1	E									"
"EO	110070608	1100337330	44	FALSE	ESAS	 6345	  1	E									"
"EO	110070608	1100337331		TRUE	ESAS	 6340	  1	D									"
"EO	110070609	1100337332		TRUE	ESAS	 6340	  1	B			W						"
"EO	110070609	1100337333		FALSE	ESAS	  710	  1	F	A								"
"EO	110070610	1100337334		TRUE	ESAS	64330	  1	D									"
"EO	110070612	1100337335		FALSE	ESAS	 5900	  1	E								49	"
"EO	110070612	1100337336		TRUE	ESAS	64320	  1	C									"
"EO	110070612	1100337337		TRUE	ESAS	 6360	  4	B									"
"EO	110070612	1100337338		FALSE	ESAS	 6340	  1	E									"
"EO	110070620	1100337339		TRUE	ESAS	 6340	  1	D									"
"EO	110070620	1100337340		FALSE	ESAS	 6340	  2	A									"
"EO	110070620	1100337341		FALSE	ESAS	63510	  1	A									"
"EO	110070620	1100337342		TRUE	ESAS	 6340	  1	D									"
"EO	110070621	1100337343		TRUE	ESAS	 6340	  1	C									"
"EO	110070621	1100337344		FALSE	ESAS	 6340	  1	E									"
"EO	110070621	1100337345		TRUE	ESAS	 6340	  1	A									"
"EO	110070622	1100337346		TRUE	ESAS	 6340	  1	D			T						"
"EO	110070622	1100337347		FALSE	ESAS	63510	  2	E									"
"EO	110070622	1100337348		TRUE	ESAS	 6360	  1	C			W						"
"EO	110070626	1100337349		TRUE	ESAS	 6340	  1	D			W						"
"EO	110070628	1100337350		TRUE	ESAS	 6340	  4	D									"
"EO	110070629	1100337351		TRUE	ESAS	   40	  1	C									"
"EO	110070629	1100337352		FALSE	ESAS	16360	  1	F							18		"
"EO	110070633	1100337353		FALSE	ESAS	 5900	  1	F	2								"
"EO	110070635	1100337354		TRUE	ESAS	 6340	  1	D			B						"
"EO	110070638	1100337355		FALSE	ESAS	   20	  2	F									"
"EO	110070639	1100337356		FALSE	ESAS	 5900	  1	F									"
"EO	110070643	1100337357		FALSE	ESAS	 5900	  1	F									"
"EO	110070643	1100337358		TRUE	ESAS	 5920	  1	F	I								"
"EO	110070644	1100337359		FALSE	ESAS	 5900	  1	F									"
"EO	110070644	1100337360		FALSE	ESAS	 6020	  1	F	2								"
"EO	110070644	1100337361		FALSE	ESAS	  710	  1	E	A								"
"EO	110070645	1100337362	45	FALSE	ESAS	 5910	 70	E							26		"
"EO	110070645	1100337363	45	FALSE	ESAS	 5920	 10	E							26		"
"EO	110070645	1100337365		FALSE	ESAS	 5910	  1	F	A								"
"EO	110070645	1100337366		FALSE	ESAS	 5920	  2	F	2								"
"EO	110070645	1100337367		FALSE	ESAS	  710	  3	E							26		"
"EO	110070646	1100337368		FALSE	ESAS	 5910	  2	F	A						26		"
"EO	110070646	1100337369		TRUE	ESAS	 5910	  3	D	A						26		"
"EO	110070646	1100337370		FALSE	ESAS	 5910	  3	F	A						26		"
"EO	110070646	1100337371		FALSE	ESAS	 5910	  2	E	A						26		"
"EO	110070647	1100337372		FALSE	ESAS	 5920	  2	E							26		"
"EO	110070647	1100337373		FALSE	ESAS	 5910	  2	E							26		"
"EO	110070647	1100337374		FALSE	ESAS	 5910	  3	F							26		"
"EO	110070647	1100337375		FALSE	ESAS	  710	  1	E	4						26		"
"EO	110070647	1100337376		FALSE	ESAS	 5920	  2	F							26		"
"EO	110070648	1100337377		TRUE	ESAS	 5910	  2	F							26		"
"EO	110070648	1100337378		TRUE	ESAS	 5920	  1	D	I						26		"
"EO	110070648	1100337379		FALSE	ESAS	 5910	  7	E							26		"
"EO	110070648	1100337380		FALSE	ESAS	 5920	  1	E							26		"
"EO	110070648	1100337381		FALSE	ESAS	 5910	 10	E							26		"
"EO	110070649	1100337382		TRUE	ESAS	  710	  1	F	A								"
"EO	110070649	1100337383		FALSE	ESAS	 5910	  1	F	4								"
"EO	110070649	1100337384		FALSE	ESAS	 5910	  1	F	A								"
"EO	110070649	1100337385		TRUE	ESAS	 5900	  1	C	A								"
"EO	110070649	1100337386		FALSE	ESAS	 6340	  1	E									"
"EO	110070650	1100337387	46	FALSE	ESAS	 5910	  3	F	A								"
"EO	110070650	1100337388	46	FALSE	ESAS	 5920	  1	F	2								"
"EO	110070650	1100337389	47	FALSE	ESAS	 5910	 45	E									"
"EO	110070650	1100337390	47	FALSE	ESAS	 5920	 45	E									"
"EO	110070650	1100337391		FALSE	ESAS	 5910	  1	F	3								"
"EO	110070650	1100337392		FALSE	ESAS	  710	  1	E									"
"EO	110070650	1100337393		TRUE	ESAS	  710	  1	C	A								"
"EO	110070650	1100337394		FALSE	ESAS	  710	  4	F									"
"EO	110070650	1100337395		FALSE	ESAS	  710	  3	E									"
"EO	110070651	1100337396		FALSE	ESAS	 6340	  2	E									"
"EO	110070652	1100337397		FALSE	ESAS	 5900	  1	F	A								"
"EO	110070652	1100337398		FALSE	ESAS	 5920	  1	F	2								"
"EO	110070652	1100337399		TRUE	ESAS	 5910	  1	F	A								"
"EO	110070652	1100337400		FALSE	ESAS	 5920	  1	F	3								"
"EO	110070653	1100337401		FALSE	ESAS	  710	 12	E									spread across wide area up to 3 km away"
"EO	110070653	1100337402		FALSE	ESAS	 5910	  1	F	3								"
"EO	110070653	1100337403		TRUE	ESAS	  710	  1	C	A								"
"EO	110070654	1100337404		FALSE	ESAS	  710	  2	F	A								"
"EO	110070654	1100337405		TRUE	ESAS	  710	  2	D	A								"
"EO	110070654	1100337406		TRUE	ESAS	  710	  2	C	A								"
"EO	110070654	1100337407		FALSE	ESAS	  710	  1	F	A								"
"EO	110070655	1100337408		FALSE	ESAS	  710	  3	E	A								"
"EO	110070655	1100337409		FALSE	ESAS	  710	 30	E									spread across wide area up to 5 km away"
"EO	110070655	1100337410		FALSE	ESAS	  710	  2	E									"
"EO	110070657	1100337411		FALSE	ESAS	  710	 10	E									"
"EO	110070658	1100337412		FALSE	ESAS	  710	  1	F	A								"
"EO	110070658	1100337413		FALSE	ESAS	 5900	  1	F	3								"
"EO	110070659	1100337414	48	FALSE	ESAS	 5910	  1	E	A								"
"EO	110070659	1100337415	48	FALSE	ESAS	 5910	  1	E	3								"
"EO	110070659	1100337416		FALSE	ESAS	  710	  2	E	A								"
"EO	110070659	1100337417		FALSE	ESAS	  710	  3	E									"
"EO	110070659	1100337418		FALSE	ESAS	 6345	  3	E									"
"EO	110070660	1100337419		TRUE	ESAS	 6340	  1	D			W						"
"EO	110070660	1100337420		TRUE	ESAS	 5920	  1	D	2								"
"EO	110070661	1100337421		TRUE	ESAS	 6000	  1	F	I								"
"EO	110070661	1100337422		FALSE	ESAS	  710	 12	E									"
"EO	110070661	1100337423		TRUE	ESAS	 6340	  1	C			B						"
"EO	110070661	1100337424		FALSE	ESAS	  710	  1	F	4								"
"EO	110070662	1100337425	49	TRUE	ESAS	 6340	  1	C			T						"
"EO	110070662	1100337426	49	TRUE	ESAS	 6340	  3	C			W						"
"EO	110070662	1100337427		FALSE	ESAS	  710	  1	E	A							45	"
"EO	110070663	1100337429		FALSE	ESAS	  710	  4	E									"
"EO	110070663	1100337430		TRUE	ESAS	 6340	  1	C			W						"
"EO	110070663	1100337431		FALSE	ESAS	 5910	  1	F	A								"
"EO	110070664	1100337432		FALSE	ESAS	  710	  1	F	4								"
"EO	110070664	1100337433		FALSE	ESAS	  710	  1	F	A								"
"EO	110070664	1100337434		FALSE	ESAS	63510	  1	E									270° 1KM"
"EO	110070664	1100337435		FALSE	ESAS	 5900	  1	F	A								"
"EO	110070666	1100337436		FALSE	ESAS	 5910	  1	F	2								"
"EO	110070666	1100337437		FALSE	ESAS	 5900	  1	F	2								"
"EO	110070666	1100337438		FALSE	ESAS	 5910	  1	F	A								"
"EO	110070666	1100337439		TRUE	ESAS	 5900	  1	F	2								"
"EO	110070668	1100337440		TRUE	ESAS	63510	  1	A									"
"EO	110070669	1100337441	50	TRUE	ESAS	 5920	  1	F	4								"
"EO	110070669	1100337442	50	TRUE	ESAS	 5910	  1	F	A								"
"EO	110070669	1100337443		FALSE	ESAS	 2130	 15	F									"
"EO	110070671	1100337444		FALSE	ESAS	 5910	  1	F									"
"EO	110070671	1100337445		FALSE	ESAS	 5900	  1	F									"
"EO	110070671	1100337446		FALSE	ESAS	 5920	  1	F	2								"
"EO	110070671	1100337447		TRUE	ESAS	63510	  4	D									"
"EO	110070671	1100337448		FALSE	ESAS	 5900	  1	F	2								"
"EO	110070672	1100337449		FALSE	ESAS	 5900	  1	F	A								"
"EO	110070672	1100337450		FALSE	ESAS	 5900	  1	F	3								"
"EO	110070672	1100337451		FALSE	ESAS	 5910	  1	F	A								"
"EO	110070673	1100337452		TRUE	ESAS	  710	  2	C	A							94	"
"EO	110070673	1100337453		TRUE	ESAS	  710	  1	C	A								"
"EO	110070675	1100337454		TRUE	ESAS	 6340	  1	A			W						"
"EO	110070675	1100337455		FALSE	ESAS	 6340	  1	E			W						"
"EO	110070675	1100337456		TRUE	ESAS	 5900	  1	F	2								"
"EO	110070676	1100337457		TRUE	ESAS	 6340	  1	A			W						"
"EO	110070676	1100337458		FALSE	ESAS	 6340	  5	E									"
"EO	110070676	1100337459		FALSE	ESAS	 5900	  1	F	3								"
"EO	110070676	1100337460		FALSE	ESAS	 5900	  1	F	2								"
"EO	110070678	1100337461		FALSE	ESAS	 5900	  1	F	2								"
"EO	110070678	1100337462		TRUE	ESAS	 5910	  2	F	A								"
"EO	110070679	1100337463		TRUE	ESAS	 5900	  1	C	A								"
"EO	110070679	1100337464		TRUE	ESAS	 6340	  1	D			B						"
"EO	110070680	1100337465	51	FALSE	ESAS	 5900	 11	A									"
"EO	110070680	1100337466	51	FALSE	ESAS	 5910	  1	A	3								"
"EO	110070680	1100337467	51	TRUE	ESAS	 5900	  2	A	2								"
"EO	110070680	1100337468	52	TRUE	ESAS	 5910	  1	C	3								"
"EO	110070680	1100337469	52	TRUE	ESAS	 5900	  1	C	A								"
"EO	110070680	1100337470	52	TRUE	ESAS	 6360	  2	C			W						"
"EO	110070680	1100337471	52	TRUE	ESAS	 6360	  1	C			B						"
"EO	110070681	1100337472		FALSE	ESAS	  710	  1	E	4								"
"EO	110070682	1100337473	53	FALSE	ESAS	 6360	  3	B									"
"EO	110070682	1100337474	53	FALSE	ESAS	  710	  3	B									"
"EO	110070682	1100337475	53	FALSE	ESAS	 5900	  6	B									"
"EO	110070682	1100337476		TRUE	ESAS	 5900	  1	B	2							94	"
"EO	110070682	1100337477		TRUE	ESAS	 5910	  1	F	A								"
"EO	110070687	1100337478		FALSE	ESAS	 5910	  1	F	A								"
"EO	110070687	1100337479		FALSE	ESAS	 5920	  1	F	2								"
"EO	110070688	1100337480		TRUE	ESAS	  710	  1	A	A								"
"EO	110070689	1100337481		FALSE	ESAS	 5910	  1	F	3								"
"EO	110070689	1100337482		FALSE	ESAS	 6340	  1	E			B						"
"EO	110070690	1100337483	54	TRUE	ESAS	 6360	  1	A									"
"EO	110070690	1100337484	54	TRUE	ESAS	 5900	  1	F	A							49	"
"EO	110070690	1100337485		FALSE	ESAS	 6340	  1	E			B						"
"EO	110070690	1100337486		FALSE	ESAS	  710	  1	F	A								"
"EO	110070691	1100337487	55	TRUE	ESAS	 6340	  3	C									"
"EO	110070691	1100337488	55	TRUE	ESAS	 6360	  2	C									"
"EO	110070691	1100337489	55	TRUE	ESAS	 5900	  1	C									"
"EO	110070691	1100337490		TRUE	ESAS	 5900	  1	B									"
"EO	110070691	1100337491		FALSE	ESAS	 6340	  1	E			T						"
"EO	110070692	1100337492	56	TRUE	ESAS	 5920	  1	B	4								"
"EO	110070692	1100337493	56	TRUE	ESAS	 6340	  2	B			W						"
"EO	110070692	1100337494		TRUE	ESAS	64310	  1	C									"
"EO	110070693	1100337495		TRUE	ESAS	 5900	  1	F	A								"
"EO	110070693	1100337496		FALSE	ESAS	 5900	  1	F	2								"
"EO	110070694	1100337497		FALSE	ESAS	 6000	  1	F	I								"
"EO	110070694	1100337498		TRUE	ESAS	 5910	  1	F	A								"
"EO	110070694	1100337499		FALSE	ESAS	 5910	  1	F	A								"
"EO	110070695	1100337500		TRUE	ESAS	63510	  1	C									"
"EO	110070696	1100337501	57	TRUE	ESAS	 5900	  1	F	A								"
"EO	110070696	1100337502	57	TRUE	ESAS	 5900	  1	F	2								"
"EO	110070696	1100337503		FALSE	ESAS	 5900	  1	A									"
"EO	110070697	1100337504		TRUE	ESAS	   40	  1	D								30	FIGHTING WITH A FLATFISH"
"EO	110070698	1100337505		TRUE	ESAS	 5910	  1	B	A							94	"
"EO	110070700	1100337506		FALSE	ESAS	 5900	  2	E								44	"
"EO	110070700	1100337507		FALSE	ESAS	  710	  2	E	A								"
"EO	110070701	1100337508	58	TRUE	ESAS	 5920	  2	C	2								"
"EO	110070701	1100337509	58	TRUE	ESAS	 5910	  1	C	A								"
"EO	110070701	1100337510		TRUE	ESAS	 5900	  1	D									"
"EO	110070701	1100337511		TRUE	ESAS	 5920	  1	A	2								"
"EO	110070702	1100337512		TRUE	ESAS	 5900	  1	F	2								"
"EO	110070702	1100337513		TRUE	ESAS	 5910	  1	F	A								"
"EO	110070702	1100337514		TRUE	ESAS	 5910	  1	C	A								"
"EO	110070703	1100337515		TRUE	ESAS	 5910	  1	A	A								"
"EO	110070703	1100337516		TRUE	ESAS	 5920	  2	B	3								"
"EO	110070704	1100337517	59	TRUE	ESAS	 5910	  1	B	A								"
"EO	110070704	1100337518	59	TRUE	ESAS	  710	  1	B	4					24		90~30	"
"EO	110070704	1100337519	59	TRUE	ESAS	 5900	  1	B	3								"
"EO	110070704	1100337520	59	TRUE	ESAS	 5920	  1	B	2					24		68~30	"
"EO	110070704	1100337521		TRUE	ESAS	 5910	  1	A	2								"
"EO	110070704	1100337522		FALSE	ESAS	  710	  1	E									"
"EO	110070705	1100337523		TRUE	ESAS	 5910	  4	D	A								"
"EO	110070708	1100337524		TRUE	ESAS	 6340	  1	B			W						"
"EO	110070708	1100337525		TRUE	ESAS	 5900	  3	A	2								"
"EO	110070708	1100337526		TRUE	ESAS	 6340	  3	B			W						"
"EO	110070708	1100337527		FALSE	ESAS	  710	  1	E	A								"
"EO	110070708	1100337528		FALSE	ESAS	 6340	  1	E									"
"EO	110070710	1100337529		TRUE	ESAS	 6340	  1	C			W						"
"EO	110070710	1100337530		FALSE	ESAS	   59	  1	E								94	"
"EO	110070711	1100337531		FALSE	ESAS	 6345	  3	E									"
"EO	110070711	1100337532		TRUE	ESAS	 6340	  4	C			W						"
"EO	110070711	1100337533		FALSE	ESAS	 5900	  1	F								49	"
"EO	110070712	1100337534		FALSE	ESAS	 6345	  3	E									"
"EO	110070713	1100337535	60	TRUE	ESAS	 6360	  4	D								48	"
"EO	110070713	1100337536	60	TRUE	ESAS	 6340	  1	D								48	"
"EO	110070713	1100337537	61	TRUE	ESAS	 6340	  1	B			W						"
"EO	110070713	1100337538	61	TRUE	ESAS	 6340	  2	B			B						"
"EO	110070713	1100337539	61	TRUE	ESAS	 5910	  1	B	A								"
"EO	110070713	1100337540		FALSE	ESAS	 6345	  6	E									"
"EO	110070713	1100337541		FALSE	ESAS	 6345	  8	E									"
"EO	110070714	1100337542	62	TRUE	ESAS	 6340	  9	C									"
"EO	110070714	1100337543	62	TRUE	ESAS	 5900	  1	C	A								"
"EO	110070714	1100337544		FALSE	ESAS	 6340	 10	A									"
"EO	110070715	1100337545		FALSE	ESAS	 6345	  8	E									"
"EO	110070716	1100337546	63	TRUE	ESAS	 6340	  1	C			B						"
"EO	110070716	1100337547	63	TRUE	ESAS	 6340	  7	C			W						"
"EO	110070716	1100337548	64	TRUE	ESAS	 6340	  6	C			W						"
"EO	110070716	1100337549	64	TRUE	ESAS	 6340	  1	C			B						"
"EO	110070716	1100337550		TRUE	ESAS	 6340	  1	D			B						"
"EO	110070717	1100337551	65	TRUE	ESAS	 6360	  3	C									"
"EO	110070717	1100337552	65	TRUE	ESAS	 6340	  2	C									"
"EO	110070717	1100337553		FALSE	ESAS	 5900	  1	F	A								"
"EO	110070717	1100337554		TRUE	ESAS	  710	  1	B	A								"
"EO	110070717	1100337555		TRUE	ESAS	  710	  1	D	A								"
"EO	110070718	1100337556	66	TRUE	ESAS	 6340	  1	A									"
"EO	110070718	1100337557	66	TRUE	ESAS	 6360	  4	A									"
"EO	110070718	1100337558		FALSE	ESAS	 6340	  8	A									"
"EO	110070719	1100337559	67	FALSE	ESAS	 6340	  5	B									"
"EO	110070719	1100337560	67	FALSE	ESAS	 6360	  4	B									"
"EO	110070719	1100337561		FALSE	ESAS	 5900	  1	F	A							49	"
"EO	110070719	1100337562		FALSE	ESAS	63510	  2	W									"
"EO	110070720	1100337563		TRUE	ESAS	  710	  1	C	A								"
"EO	110070720	1100337564		TRUE	ESAS	  710	  1	C	A							94	"
"EO	110070721	1100337565		FALSE	ESAS	63510	  3	A									"
"EO	110070722	1100337566		FALSE	ESAS	 6360	  3	E									"
"EO	110070723	1100337567		FALSE	ESAS	 6340	  2	E									"
"EO	110070724	1100337568	68	TRUE	ESAS	 6340	  3	C									"
"EO	110070724	1100337569	68	TRUE	ESAS	 5900	  1	C									"
"EO	110070724	1100337570	68	TRUE	ESAS	 6360	  9	C									"
"EO	110070724	1100337571		TRUE	ESAS	 6340	  2	A			W						"
"EO	110070724	1100337572		TRUE	ESAS	 6360	  2	C									"
"EO	110070725	1100337573		TRUE	ESAS	 6340	  1	C									"
"EO	110070725	1100337574		TRUE	ESAS	 6340	  1	B			W						"
"EO	110070726	1100337575	69	TRUE	ESAS	 6340	 17	D									"
"EO	110070726	1100337576	69	TRUE	ESAS	 5900	  1	D									"
"EO	110070726	1100337577		FALSE	ESAS	 6345	 14	E									"
"EO	110070726	1100337578		TRUE	ESAS	 6340	  1	C									"
"EO	110070727	1100337579		TRUE	ESAS	 6360	  1	D									"
"EO	110070727	1100337580		FALSE	ESAS	63510	  1	E									"
"EO	110070727	1100337581		TRUE	ESAS	 6360	  4	C									"
"EO	110070728	1100337582		FALSE	ESAS	 6340	  2	E									"
"EO	110070730	1100337583		TRUE	ESAS	 6340	  1	C									"
"EO	110070730	1100337584		TRUE	ESAS	63510	  2	W									"
"EO	110070731	1100337585		FALSE	ESAS	  710	  1	F	A								"
"EO	110070732	1100337586		FALSE	ESAS	 6340	  2	F									"
"EO	110070732	1100337587		FALSE	ESAS	 5920	  1	F	2								"
"EO	110070732	1100337588		TRUE	ESAS	  710	  1	F	A								"
"EO	110070732	1100337589		TRUE	ESAS	  710	  1	B	A								"
"EO	110070732	1100337590		TRUE	ESAS	  710	  1	F	A								"
"EO	110070732	1100337591		FALSE	ESAS	  710	  1	F	A								"
"EO	110070733	1100337592		TRUE	ESAS	 5910	  1	F	A								"
"EO	110070733	1100337593		FALSE	ESAS	 5920	  1	F	3								"
"EO	110070734	1100337594	 1	TRUE	ESAS	 5920	  1	A	4					22		44~30	"
"EO	110070734	1100337595	 1	FALSE	ESAS	 5920	  3	F	I							68	"
"EO	110070735	1100337596		FALSE	ESAS	 5910	  1	F	2								"
"EO	110070736	1100337597	 2	TRUE	ESAS	 6340	  1	D			W						"
"EO	110070736	1100337598	 2	TRUE	ESAS	 6340	  3	D			B						"
"EO	110070736	1100337599	 3	TRUE	ESAS	 5920	  1	B	4								"
"EO	110070736	1100337600	 3	TRUE	ESAS	 6340	  1	B			W						"
"EO	110070736	1100337601		TRUE	ESAS	 5910	  1	F	A								"
"EO	110070737	1100337602		TRUE	ESAS	 6340	  1	C			W						"
"EO	110070738	1100337603		FALSE	ESAS	 6340	  1	F									"
"EO	110070739	1100337604		TRUE	ESAS	 6340	  1	C			W						"
"EO	110070739	1100337605		FALSE	ESAS	 5920	  1	F	3								"
"EO	110070740	1100337606	 4	TRUE	ESAS	 5920	  1	F	2								"
"EO	110070740	1100337607	 4	TRUE	ESAS	 5920	  1	F	A								"
"EO	110070740	1100337608	 4	TRUE	ESAS	 5910	  1	F	2								"
"EO	110070740	1100337609	 5	TRUE	ESAS	 5920	  1	C	A								"
"EO	110070740	1100337610	 5	TRUE	ESAS	 5920	  1	C	2								"
"EO	110070740	1100337611		TRUE	ESAS	 5910	  2	B	A								"
"EO	110070740	1100337612		TRUE	ESAS	 6340	  1	B			B						"
"EO	110070741	1100337613	 6	TRUE	ESAS	 6340	  1	B			W						"
"EO	110070741	1100337614	 6	TRUE	ESAS	 6020	  1	B	A								"
"EO	110070741	1100337615	 6	TRUE	ESAS	 6340	  1	B			T						"
"EO	110070742	1100337616	 7	TRUE	ESAS	 5920	  1	F	2								"
"EO	110070742	1100337617	 7	TRUE	ESAS	 5920	  1	F	A								"
"EO	110070742	1100337618		FALSE	ESAS	 5920	  1	F	2								"
"EO	110070742	1100337619		FALSE	ESAS	 5920	  1	F	3								"
"EO	110070743	1100337620		TRUE	ESAS	 5920	  1	F	A								"
"EO	110070745	1100337621		TRUE	ESAS	 5920	  1	B	4								"
"EO	110070746	1100337622		TRUE	ESAS	 5920	  1	F	3								"
"EO	110070746	1100337623		FALSE	ESAS	  710	  1	F	A								"
"EO	110070746	1100337624		TRUE	ESAS	  710	  1	B	A								"
"EO	110070747	1100337625		FALSE	ESAS	  710	  1	F	A								"
"EO	110070748	1100337626	 8	TRUE	ESAS	 5900	  6	D									"
"EO	110070748	1100337627	 8	TRUE	ESAS	 5927	  1	D	2								"
"EO	110070748	1100337628	 8	TRUE	ESAS	 5920	  3	D									"
"EO	110070749	1100337629		TRUE	ESAS	  710	  1	F	4								"
"EO	110070752	1100337630		TRUE	ESAS	 6340	  1	D			B						"
"EO	110070753	1100337631		FALSE	ESAS	 6340	  1	F			W						"
"EO	110070754	1100337632		FALSE	ESAS	 5910	  1	F	A								"
"EO	110070754	1100337633		TRUE	ESAS	 5920	  1	F	2								"
"EO	110070761	1100337634		FALSE	ESAS	 5910	  1	F	A								"
"EO	110070762	1100337635		TRUE	ESAS	 6020	  1	F	A								"
"EO	110070762	1100337636		FALSE	ESAS	 5900	  1	F	2								"
"EO	110070763	1100337637		TRUE	ESAS	  710	  1	C								45	"
"EO	110070763	1100337638		TRUE	ESAS	 6360	  1	D									"
"EO	110070763	1100337639		TRUE	ESAS	 5920	  2	D	2								"
"EO	110070763	1100337640		TRUE	ESAS	 6360	  1	D									"
"EO	110070763	1100337641		TRUE	ESAS	  710	  1	D	A							45	"
"EO	110070763	1100337642		TRUE	ESAS	 6340	  3	D									"
"EO	110070763	1100337643		FALSE	ESAS	 6020	  1	F	A								"
"EO	110070764	1100337644	 9	TRUE	ESAS	 5920	  3	A						24		40~30	"
"EO	110070764	1100337645	 9	TRUE	ESAS	 5910	  2	A						24		40~30	"
"EO	110070764	1100337646		FALSE	ESAS	  710	  1	F	A								"
"EO	110070765	1100337647		FALSE	ESAS	 5900	  1	F	3								"
"EO	110070766	1100337648		FALSE	ESAS	 5900	  1	F	3								"
"EO	110070766	1100337649		TRUE	ESAS	  710	  1	F	4								"
"EO	110070766	1100337650		TRUE	ESAS	 5910	  1	F	A								"
"EO	110070767	1100337651	10	TRUE	ESAS	  710	  1	C									"
"EO	110070767	1100337652	10	TRUE	ESAS	 5900	  1	C									"
"EO	110070767	1100337653	10	TRUE	ESAS	 5920	  1	C									"
"EO	110070768	1100337654		TRUE	ESAS	  710	  1	B	A							94	"
"EO	110070768	1100337655		TRUE	ESAS	  710	  1	D	A								"
"EO	110070768	1100337656		FALSE	ESAS	 5900	  1	F	A								"
"EO	110070769	1100337657		TRUE	ESAS	  710	  1	D									"
"EO	110070769	1100337658		FALSE	ESAS	 5910	  1	F	A								"
"EO	110070770	1100337659		FALSE	ESAS	 5910	  1	F	A								"
"EO	110070770	1100337660		FALSE	ESAS	 5910	  1	F	A								"
"EO	110070770	1100337662		TRUE	ESAS	 6340	  1	B			W						"
"EO	110070771	1100337663		FALSE	ESAS	 5920	  1	F	2								"
"EO	110070771	1100337664		TRUE	ESAS	  710	  3	D									"
"EO	110070771	1100337665		FALSE	ESAS	 5920	  1	F	2								"
"EO	110070771	1100337666		TRUE	ESAS	 6340	  1	C									"
"EO	110070772	1100337667		TRUE	ESAS	  710	  1	D								45	"
"EO	110070772	1100337668		TRUE	ESAS	  710	  2	F	A								"
"EO	110070772	1100337669		TRUE	ESAS	 5910	  1	C	A								"
"EO	110070772	1100337670		FALSE	ESAS	   59	  1	F									"
"EO	110070772	1100337671		TRUE	ESAS	  710	  1	B	A								"
"EO	110070772	1100337672		TRUE	ESAS	  710	  1	A	A								"
"EO	110070773	1100337673		FALSE	ESAS	 5910	  1	F	4								"
"EO	110070773	1100337674		FALSE	ESAS	 6340	  2	F									"
"EO	110070773	1100337675		TRUE	ESAS	 5910	  1	F	A								"
"EO	110070774	1100337676		TRUE	ESAS	 5780	  6	B	A							94	"
"EO	110070774	1100337677		FALSE	ESAS	 5910	  1	F	A								"
"EO	110070776	1100337678		TRUE	ESAS	  710	  1	B	A								"
"EO	110070779	1100337679		FALSE	ESAS	 6340	  1	F									"
"EO	110070781	1100337680		FALSE	ESAS	   59	  1	F									"
"EO	110070783	1100337681		FALSE	ESAS	 5910	  1	F	A								"
"EO	110070784	1100337682		FALSE	ESAS	   59	  1	F									"
"EO	110070786	1100337683		TRUE	ESAS	   20	  1	D								94	"
"EO	110070787	1100337684	11	FALSE	ESAS	 5920	  1	F	4								"
"EO	110070787	1100337685	11	FALSE	ESAS	 5920	  1	F	3								"
"EO	110070788	1100337686		FALSE	ESAS	 5920	  1	F	4								"
"EO	110070788	1100337687		FALSE	ESAS	 5920	  1	F	2								"
"EO	110070789	1100337688		FALSE	ESAS	  720	  1	F									"
"EO	110070790	1100337689		TRUE	ESAS	 6340	  1	D			W						"
"EO	110070790	1100337690		FALSE	ESAS	 5920	  1	F	4								"
"EO	110070792	1100337691		FALSE	ESAS	  720	  1	F									"
"EO	110070792	1100337692		FALSE	ESAS	 6110	  1	F	A								"
"EO	110070793	1100337693		FALSE	ESAS	   20	  1	F									"
"EO	110070794	1100337694		TRUE	ESAS	 6340	  1	B			W						"
"EO	110070797	1100337695		TRUE	ESAS	 6340	  1	C			T						"
"EO	110070798	1100337696		FALSE	ESAS	 5910	  1	F	A								"
"EO	110070799	1100337697		FALSE	ESAS	 5910	  1	F	A								"
"EO	110070800	1100337698		FALSE	ESAS	 6340	  1	F			W						"
"EO	110070801	1100337699		FALSE	ESAS	   20	  1	F									"
"EO	110070801	1100337700		FALSE	ESAS	 5920	  1	F	2								"
"EO	110070803	1100337701		FALSE	ESAS	 5910	  1	F	A								"
"EO	110070803	1100337702		FALSE	ESAS	 2130	 10	E									"
"EO	110070807	1100337703		FALSE	ESAS	  720	  1	F									"
"EO	110070807	1100337704		FALSE	ESAS	 5920	  1	F	3								"
"EO	110070807	1100337705		FALSE	ESAS	  710	  1	F	A								"
"EO	110070809	1100337706		TRUE	ESAS	  100	  1	C	A		B						"
"EO	110070809	1100337707		FALSE	ESAS	 5920	  1	F	4								"
"EO	110070810	1100337708		TRUE	ESAS	   20	  1	C								94	"
"EO	110070811	1100337709		FALSE	ESAS	 6360	  1	F									"
"EO	110070811	1100337710		TRUE	ESAS	 5910	  1	D	A								"
"EO	110070812	1100337711		FALSE	ESAS	  720	  1	F	A		B						"
"EO	110070812	1100337712		FALSE	ESAS	 5920	  1	F	4								"
"EO	110070813	1100337713		FALSE	ESAS	  720	  1	F									"
"EO	110070813	1100337714		FALSE	ESAS	  720	  1	F									"
"EO	110070814	1100337715		FALSE	ESAS	  720	  2	E							22		"
"EO	110070814	1100337716		TRUE	ESAS	 5920	  1	F	2								"
"EO	110070814	1100337717		FALSE	ESAS	 2130	  7	F									"
"EO	110070816	1100337718	12	TRUE	ESAS	 2130	  5	C				M				94	"
"EO	110070816	1100337719	12	TRUE	ESAS	 2130	  1	C				F				94	"
"EO	110070816	1100337720		TRUE	ESAS	 6360	  1	C			W						"
"EO	110070817	1100337721		FALSE	ESAS	 5900	  1	F	2								"
"EO	110070817	1100337722		TRUE	ESAS	 6340	  1	B			W						"
"EO	110070818	1100337723		TRUE	ESAS	  720	  4	D									"
"EO	110070818	1100337724		FALSE	ESAS	  720	  1	F									"
"EO	110070818	1100337725		TRUE	ESAS	 5910	  1	F	A								"
"EO	110070818	1100337726		FALSE	ESAS	 2130	  2	F									"
"EO	110070820	1100337727	13	TRUE	ESAS	 5920	  1	F	A								"
"EO	110070820	1100337728	13	TRUE	ESAS	 5920	  2	F	2								"
"EO	110070821	1100337729		TRUE	ESAS	 5920	  1	F	2								"
"EO	110070823	1100337730		TRUE	ESAS	   20	  1	B	A							94	"
"EO	110070824	1100337731	14	TRUE	ESAS	 5920	  2	F	2								"
"EO	110070824	1100337732	14	TRUE	ESAS	 5920	  1	F	5								"
"EO	110070824	1100337733		FALSE	ESAS	 5910	  1	F	A								"
"EO	110070825	1100337734		FALSE	ESAS	 5910	  1	F	A								"
"EO	110070826	1100337735		FALSE	ESAS	 2130	  8	F									"
"EO	110070827	1100337736		FALSE	ESAS	   20	  1	A								94	"
"EO	110070827	1100337737		FALSE	ESAS	 5900	  1	F	A								"
"EO	110070827	1100337738		FALSE	ESAS	 5910	  5	F	A								"
"EO	110070827	1100337739		TRUE	ESAS	   20	  1	A								94	"
"EO	110070827	1100337740		TRUE	ESAS	   20	  1	W								94	"
"EO	110070828	1100337741		FALSE	ESAS	  710	  5	E									"
"EO	110070828	1100337742		TRUE	ESAS	 6360	  3	C								93	"
"EO	110070830	1100337743		FALSE	ESAS	 5920	  1	F	A								"
"EO	110070830	1100337744		FALSE	ESAS	 5910	  1	F	A								"
"EO	110070831	1100337745		FALSE	ESAS	 5920	  1	F	2								"
"EO	110070833	1100337746		TRUE	ESAS	 6340	  1	B			W						"
"EO	110070834	1100337747		FALSE	ESAS	  710	  2	E									"
"EO	110070834	1100337748		FALSE	ESAS	 5910	  1	F	A								"
"EO	110070836	1100337749	15	TRUE	ESAS	 5920	  3	F	3								"
"EO	110070836	1100337750	15	TRUE	ESAS	 5920	  1	F	4								"
"EO	110070836	1100337751	16	TRUE	ESAS	 5920	  1	C	3								"
"EO	110070836	1100337752	16	TRUE	ESAS	 5920	  1	C	2								"
"EO	110070836	1100337753	16	TRUE	ESAS	 5910	  3	C	A								"
"EO	110070836	1100337754		FALSE	ESAS	 5920	  1	F	4								"
"EO	110070837	1100337756		FALSE	ESAS	 6000	  1	F	I								"
"EO	110070838	1100337757		FALSE	ESAS	 6110	  1	F	A								"
"EO	110070838	1100337758		TRUE	ESAS	 5900	  1	F	2								"
"EO	110070838	1100337759		FALSE	ESAS	 5910	  1	F	3								"
"EO	110070840	1100337760		TRUE	ESAS	 5920	  1	F	2								"
"EO	110070841	1100337761	17	FALSE	ESAS	 5920	  4	F	I								"
"EO	110070841	1100337762	17	FALSE	ESAS	 6000	  1	F	I								"
"EO	110070841	1100337763		FALSE	ESAS	 5910	  1	F	A								"
"EO	110070841	1100337764		FALSE	ESAS	15820	  1	F							18		"
"EO	110070843	1100337765	18	FALSE	ESAS	 5920	  1	F	A								"
"EO	110070843	1100337766	18	FALSE	ESAS	 5920	  1	F	2								"
"EO	110070843	1100337767		FALSE	ESAS	 5920	  1	F	2								"
"EO	110070843	1100337768		FALSE	ESAS	 5900	  1	F	3								"
"EO	110070843	1100337769		FALSE	ESAS	 5910	  1	F	A								"
"EO	110070845	1100337770		FALSE	ESAS	 5920	  1	F	3								"
"EO	110070847	1100337771		TRUE	ESAS	   20	  1	A								94	"
"EO	110070848	1100337772		FALSE	ESAS	 5920	  1	F	4								"
"EO	110070849	1100337773		FALSE	ESAS	 5920	  2	F	2								"
"EO	110070850	1100337774		FALSE	ESAS	 5900	  1	F	3								"
"EO	110070852	1100337775		FALSE	ESAS	 5920	  1	F	2								"
"EO	110070856	1100337776		FALSE	ESAS	 5910	  1	F	A								"
"EO	110070858	1100337777		FALSE	ESAS	 5910	  1	F	A								"
"EO	110070859	1100337778		FALSE	ESAS	 5910	  1	F	A								"
"EO	110070859	1100337779		FALSE	ESAS	 5910	  1	F	3								"
"EO	110070860	1100337780	19	TRUE	ESAS	 2130	  1	F				M					"
"EO	110070860	1100337781	19	TRUE	ESAS	 2130	  1	F				F					"
"EO	110070860	1100337782	20	FALSE	ESAS	 2130	  2	F				M					"
"EO	110070860	1100337783	20	FALSE	ESAS	 2130	  1	F				F					"
"EO	110070860	1100337784		FALSE	ESAS	 2130	  8	F									"
"EO	110070860	1100337785		TRUE	ESAS	 5910	  1	F									"
"EO	110070861	1100337786		FALSE	ESAS	 2130	  2	F									"
"EO	110070864	1100337787		FALSE	ESAS	 2130	  2	E									"
"EO	110070864	1100337788		FALSE	ESAS	 5910	  2	E	A								"
"EO	110070864	1100337789		FALSE	ESAS	 2130	 15	W								94	"
"EO	110070865	1100337790		FALSE	ESAS	 6000	  1	F	I								"
"EO	110070865	1100337791		FALSE	ESAS	 2130	  4	F									"
"EO	110070865	1100337792		FALSE	ESAS	 5900	  1	F	2								"
"EO	110070865	1100337793		TRUE	ESAS	 5900	  1	A	2								"
"EO	110070865	1100337794		FALSE	ESAS	 5920	  1	F	2								"
"EO	110070865	1100337795		TRUE	ESAS	 2130	  8	F									"
"EO	110070865	1100337796		FALSE	ESAS	 5920	  1	F	2								"
