"PositionID","ObservationID","GroupID","Transect","SpeciesCodeType","SpeciesCode","Count","ObservationDistance","LifeStage","Moult","Plumage","Sex","TravelDirection","Prey","Association","Behaviour","Notes"
110070426,1100336873,NA,TRUE,"ESAS",5910,1,"F","A",NA,NA,NA,NA,NA,NA,NA,NA
110070426,1100336874,NA,FALSE,"ESAS",5910,1,"F","A",NA,NA,NA,NA,NA,NA,NA,NA
110070426,1100336875,NA,FALSE,"ESAS",5910,1,"F","A",NA,NA,NA,NA,NA,NA,NA,NA
110070426,1100336876,NA,FALSE,"ESAS",5910,1,"F","A",NA,NA,NA,NA,NA,NA,NA,NA
110070427,1100336877,NA,TRUE,"ESAS",5910,1,"F","A",NA,NA,NA,NA,NA,NA,NA,NA
110070427,1100336878,NA,FALSE,"ESAS",5920,1,"F","2",NA,NA,NA,NA,NA,NA,NA,NA
110070428,1100336879,NA,FALSE,"ESAS",5900,1,"F","A",NA,NA,NA,NA,NA,NA,NA,NA
110070431,1100336880,NA,FALSE,"ESAS",2130,3,"F",NA,NA,NA,NA,"NE",NA,NA,NA,NA
110070433,1100336881,NA,FALSE,"ESAS",5910,1,"F","A",NA,NA,NA,NA,NA,NA,NA,NA
110070435,1100336882,NA,TRUE,"ESAS",5780,1,"F","A",NA,NA,NA,NA,NA,NA,NA,NA
110070435,1100336883,NA,TRUE,"ESAS",63510,1,"B",NA,NA,NA,NA,NA,NA,NA,NA,NA
110070436,1100336884,NA,TRUE,"ESAS",5900,1,"F","2",NA,NA,NA,NA,NA,NA,NA,NA
110070438,1100336885,NA,TRUE,"ESAS",2130,3,"D",NA,NA,NA,NA,NA,NA,NA,"94",NA
110070439,1100336886,1,TRUE,"ESAS",5910,2,"D",NA,NA,NA,NA,NA,NA,NA,"94",NA
110070439,1100336887,1,TRUE,"ESAS",5910,1,"D",NA,NA,NA,NA,NA,NA,NA,NA,NA
110070439,1100336888,NA,FALSE,"ESAS",5900,1,"F","2",NA,NA,NA,NA,NA,NA,NA,NA
110070439,1100336889,NA,TRUE,"ESAS",5900,1,"A","2",NA,NA,NA,NA,NA,NA,"94",NA
110070439,1100336890,NA,TRUE,"ESAS",5900,1,"B","2",NA,NA,NA,NA,NA,NA,NA,NA
110070440,1100336891,NA,FALSE,"ESAS",5900,1,"F","A",NA,NA,NA,NA,NA,NA,NA,NA
110070440,1100336892,NA,TRUE,"ESAS",5900,1,"F","2",NA,NA,NA,NA,NA,NA,NA,NA
110070440,1100336893,NA,FALSE,"ESAS",20,1,"F",NA,NA,NA,NA,"NE",NA,NA,NA,NA
110070440,1100336894,NA,FALSE,"ESAS",2130,4,"F",NA,NA,NA,NA,"NE",NA,NA,NA,NA
110070441,1100336895,NA,FALSE,"ESAS",5780,1,"F","A",NA,NA,NA,NA,NA,NA,NA,NA
110070441,1100336896,NA,TRUE,"ESAS",5900,1,"F","2",NA,NA,NA,NA,NA,NA,NA,NA
110070441,1100336897,NA,FALSE,"ESAS",5900,1,"F","2",NA,NA,NA,NA,NA,NA,NA,NA
110070441,1100336898,NA,TRUE,"ESAS",5920,1,"F","2",NA,NA,NA,NA,NA,NA,NA,NA
110070442,1100336899,2,TRUE,"ESAS",5900,4,"A","2",NA,NA,NA,NA,NA,NA,"94",NA
110070442,1100336900,2,TRUE,"ESAS",5900,5,"A","A",NA,NA,NA,NA,NA,NA,"94",NA
110070442,1100336901,NA,FALSE,"ESAS",5900,1,"F","2",NA,NA,NA,NA,NA,NA,NA,NA
110070442,1100336902,NA,FALSE,"ESAS",2130,10,"F",NA,NA,NA,NA,"NE",NA,NA,NA,NA
110070443,1100336903,NA,TRUE,"ESAS",5900,1,"A","A",NA,NA,NA,NA,NA,NA,NA,NA
110070443,1100336904,NA,FALSE,"ESAS",2130,4,"F",NA,NA,NA,NA,NA,NA,NA,NA,NA
110070443,1100336905,NA,FALSE,"ESAS",5910,1,"E","A",NA,NA,NA,NA,NA,NA,NA,NA
110070443,1100336906,NA,TRUE,"ESAS",5910,1,"A","A",NA,NA,NA,NA,NA,NA,"94",NA
110070443,1100336907,NA,FALSE,"ESAS",5900,1,"F","A",NA,NA,NA,NA,NA,NA,NA,NA
110070443,1100336908,NA,FALSE,"ESAS",5920,1,"F","3",NA,NA,NA,NA,NA,NA,NA,NA
110070443,1100336909,NA,FALSE,"ESAS",5910,1,"F","A",NA,NA,NA,NA,NA,NA,NA,NA
110070444,1100336910,NA,FALSE,"ESAS",5910,1,"E","A",NA,NA,NA,NA,NA,NA,NA,NA
110070444,1100336911,NA,TRUE,"ESAS",5910,3,"B","A",NA,NA,NA,NA,NA,NA,NA,NA
110070444,1100336912,NA,TRUE,"ESAS",5910,2,"D","A",NA,NA,NA,NA,NA,NA,NA,NA
110070445,1100336913,3,TRUE,"ESAS",5900,5,"D",NA,NA,NA,NA,NA,NA,NA,NA,NA
110070445,1100336914,3,TRUE,"ESAS",5920,1,"D","I",NA,NA,NA,NA,NA,NA,NA,NA
110070445,1100336915,3,TRUE,"ESAS",5910,4,"B",NA,NA,NA,NA,NA,NA,NA,NA,NA
110070445,1100336916,3,TRUE,"ESAS",5910,10,"D",NA,NA,NA,NA,NA,NA,NA,NA,NA
110070446,1100336917,NA,TRUE,"ESAS",5910,9,"W","A",NA,NA,NA,NA,NA,NA,NA,NA
110070446,1100336918,NA,FALSE,"ESAS",5900,7,"E",NA,NA,NA,NA,NA,NA,NA,NA,NA
110070446,1100336919,NA,FALSE,"ESAS",2130,2,"F",NA,NA,NA,NA,NA,NA,NA,NA,NA
110070446,1100336920,NA,TRUE,"ESAS",5920,1,"C","2",NA,NA,NA,NA,NA,NA,NA,NA
110070448,1100336921,4,TRUE,"ESAS",5900,3,"B","2",NA,NA,NA,NA,NA,NA,"94",NA
110070448,1100336922,4,TRUE,"ESAS",5780,1,"B","A",NA,NA,NA,NA,NA,NA,"94",NA
110070448,1100336923,4,TRUE,"ESAS",5900,2,"B","A",NA,NA,NA,NA,NA,NA,"94",NA
110070448,1100336924,NA,TRUE,"ESAS",5900,1,"B","A",NA,NA,NA,NA,NA,NA,"94",NA
110070449,1100336925,5,TRUE,"ESAS",5900,1,"C",NA,NA,NA,NA,NA,NA,NA,NA,NA
110070449,1100336926,5,TRUE,"ESAS",5920,1,"C","A",NA,NA,NA,NA,NA,NA,NA,NA
110070449,1100336927,6,TRUE,"ESAS",5900,1,"B","A",NA,NA,NA,NA,NA,NA,NA,NA
110070449,1100336928,6,TRUE,"ESAS",5910,1,"B","A",NA,NA,NA,NA,NA,NA,NA,NA
110070450,1100336929,7,TRUE,"ESAS",5780,9,"C","A",NA,NA,NA,NA,NA,NA,"94",NA
110070450,1100336930,7,TRUE,"ESAS",5780,1,"C","2",NA,NA,NA,NA,NA,NA,"94",NA
110070450,1100336931,NA,TRUE,"ESAS",5900,1,"C","A",NA,NA,NA,NA,NA,NA,NA,NA
110070451,1100336932,NA,FALSE,"ESAS",5900,1,"F","2",NA,NA,NA,NA,NA,NA,NA,NA
110070451,1100336933,NA,FALSE,"ESAS",2130,5,"F",NA,NA,NA,NA,NA,NA,NA,NA,NA
110070452,1100336934,NA,FALSE,"ESAS",2130,150,"E",NA,NA,NA,NA,NA,NA,NA,NA,NA
110070453,1100336935,NA,FALSE,"ESAS",5910,1,"F","4",NA,NA,NA,NA,NA,NA,NA,NA
110070453,1100336936,NA,TRUE,"ESAS",5900,1,"A","A",NA,NA,NA,NA,NA,NA,NA,NA
110070456,1100336937,NA,FALSE,"ESAS",5900,1,"F","2",NA,NA,NA,NA,NA,NA,NA,NA
110070457,1100336938,NA,FALSE,"ESAS",5900,1,"A","A",NA,NA,NA,NA,NA,NA,"44",NA
110070457,1100336939,NA,TRUE,"ESAS",710,1,"D","A",NA,NA,NA,NA,NA,NA,NA,NA
110070457,1100336940,NA,FALSE,"ESAS",6110,1,"D","A",NA,NA,NA,NA,NA,22,NA,NA
110070457,1100336941,NA,TRUE,"ESAS",5900,1,"C","2",NA,NA,NA,NA,NA,NA,NA,NA
110070458,1100336942,NA,TRUE,"ESAS",710,1,"A","A",NA,NA,NA,NA,NA,NA,NA,NA
110070458,1100336943,NA,TRUE,"ESAS",5910,1,"D","A",NA,NA,NA,NA,NA,NA,NA,NA
110070459,1100336944,8,TRUE,"ESAS",6020,1,"F","A",NA,NA,NA,NA,NA,NA,"49",NA
110070459,1100336945,8,TRUE,"ESAS",6360,6,"A",NA,NA,NA,NA,NA,NA,NA,NA,NA
110070459,1100336946,8,TRUE,"ESAS",6340,2,"A",NA,NA,NA,NA,NA,NA,NA,NA,NA
110070459,1100336947,NA,TRUE,"ESAS",710,2,"C","A",NA,NA,NA,NA,NA,NA,NA,NA
110070459,1100336948,NA,FALSE,"ESAS",720,1,"F","A",NA,"B",NA,NA,NA,NA,NA,NA
110070460,1100336949,10,TRUE,"ESAS",6360,2,"A",NA,NA,NA,NA,NA,NA,NA,NA,NA
110070460,1100336950,10,TRUE,"ESAS",6340,1,"A",NA,NA,NA,NA,NA,NA,NA,NA,NA
110070460,1100336951,11,TRUE,"ESAS",6360,1,"C",NA,NA,"B",NA,NA,NA,NA,NA,NA
110070460,1100336952,11,TRUE,"ESAS",6360,1,"C",NA,NA,"T",NA,NA,NA,NA,NA,NA
110070460,1100336953,9,TRUE,"ESAS",6340,3,"A",NA,NA,NA,NA,NA,NA,NA,NA,NA
110070460,1100336954,9,TRUE,"ESAS",710,3,"A",NA,NA,NA,NA,NA,NA,NA,NA,NA
110070460,1100336955,9,TRUE,"ESAS",5910,2,"A",NA,NA,NA,NA,NA,NA,NA,NA,NA
110070460,1100336956,NA,TRUE,"ESAS",6340,1,"C",NA,NA,NA,NA,NA,NA,NA,NA,NA
110070460,1100336957,NA,TRUE,"ESAS",64310,1,"B",NA,NA,NA,NA,NA,NA,NA,NA,NA
110070460,1100336958,NA,FALSE,"ESAS",6340,2,"A",NA,NA,NA,NA,NA,NA,NA,NA,NA
110070461,1100336959,12,TRUE,"ESAS",5900,1,"F","3",NA,NA,NA,NA,NA,NA,NA,NA
110070461,1100336960,12,TRUE,"ESAS",5900,1,"F","A",NA,NA,NA,NA,NA,NA,NA,NA
110070461,1100336961,12,TRUE,"ESAS",5900,1,"F","2",NA,NA,NA,NA,NA,NA,NA,NA
110070461,1100336962,13,TRUE,"ESAS",6360,6,"B",NA,NA,NA,NA,NA,NA,NA,NA,NA
110070461,1100336963,13,TRUE,"ESAS",6020,1,"B","2",NA,NA,NA,NA,NA,NA,NA,NA
110070461,1100336964,13,TRUE,"ESAS",5900,2,"B","A",NA,NA,NA,NA,NA,NA,NA,NA
110070461,1100336965,NA,FALSE,"ESAS",5900,1,"F","2",NA,NA,NA,NA,NA,NA,NA,NA
110070461,1100336966,NA,TRUE,"ESAS",5900,1,"B","A",NA,NA,NA,NA,NA,NA,NA,NA
110070463,1100336967,NA,TRUE,"ESAS",710,1,"C",NA,NA,NA,NA,NA,NA,NA,"94",NA
110070463,1100336968,NA,TRUE,"ESAS",6340,1,"D",NA,NA,"B",NA,NA,NA,NA,NA,NA
110070464,1100336969,14,TRUE,"ESAS",6360,1,"A",NA,NA,"T",NA,NA,NA,NA,NA,NA
110070464,1100336970,14,TRUE,"ESAS",6360,2,"A",NA,NA,"B",NA,NA,NA,NA,NA,NA
110070465,1100336971,15,TRUE,"ESAS",5900,1,"D","A",NA,NA,NA,NA,NA,13,NA,NA
110070465,1100336972,15,TRUE,"ESAS",5900,1,"D","2",NA,NA,NA,NA,NA,13,NA,NA
110070465,1100336973,16,TRUE,"ESAS",6360,1,"D",NA,NA,"W",NA,NA,NA,NA,NA,NA
110070465,1100336974,16,TRUE,"ESAS",6340,1,"D",NA,NA,"W",NA,NA,NA,NA,NA,NA
110070465,1100336975,16,TRUE,"ESAS",6360,2,"D",NA,NA,"B",NA,NA,NA,NA,NA,NA
110070466,1100336976,17,TRUE,"ESAS",5900,2,"B","2",NA,NA,NA,NA,NA,NA,NA,NA
110070466,1100336977,17,TRUE,"ESAS",6020,1,"B","A",NA,NA,NA,NA,NA,NA,NA,NA
110070466,1100336978,NA,TRUE,"ESAS",710,1,"B","A",NA,NA,NA,NA,NA,NA,NA,NA
110070466,1100336979,NA,TRUE,"ESAS",5910,1,"A","A",NA,NA,NA,NA,NA,NA,"94",NA
110070466,1100336980,NA,TRUE,"ESAS",6020,1,"A","A",NA,NA,NA,NA,NA,NA,"94",NA
110070467,1100336981,NA,TRUE,"ESAS",6340,1,"B",NA,NA,"T",NA,NA,NA,NA,NA,NA
110070469,1100336982,18,TRUE,"ESAS",6340,1,"B",NA,NA,"W",NA,NA,NA,NA,NA,NA
110070469,1100336983,18,TRUE,"ESAS",6340,1,"B",NA,NA,"B",NA,NA,NA,NA,NA,NA
110070471,1100336984,NA,TRUE,"ESAS",710,1,"D","3",NA,NA,NA,NA,NA,NA,"45",NA
110070472,1100336985,NA,FALSE,"ESAS",710,1,"F","A",NA,NA,NA,NA,NA,NA,NA,NA
110070472,1100336986,NA,TRUE,"ESAS",6340,1,"B",NA,NA,"W",NA,NA,NA,NA,NA,NA
110070474,1100336987,19,FALSE,"ESAS",5900,1,"F","A",NA,NA,NA,NA,NA,NA,"49",NA
110070474,1100336988,19,FALSE,"ESAS",63510,1,"E",NA,NA,NA,NA,NA,NA,NA,NA,"90° 500M"
110070474,1100336989,NA,TRUE,"ESAS",5900,1,"F","A",NA,NA,NA,NA,NA,NA,NA,NA
110070474,1100336990,NA,FALSE,"ESAS",5910,1,"F","A",NA,NA,NA,NA,NA,NA,NA,NA
110070477,1100336991,20,TRUE,"ESAS",6340,1,"A",NA,NA,"B",NA,NA,NA,NA,NA,NA
110070477,1100336992,20,TRUE,"ESAS",6340,1,"A",NA,NA,"W",NA,NA,NA,NA,NA,NA
110070477,1100336993,NA,TRUE,"ESAS",64320,1,"A",NA,NA,NA,NA,NA,NA,NA,NA,NA
110070477,1100336994,NA,TRUE,"ESAS",5900,1,"A","A",NA,NA,NA,NA,NA,NA,"94",NA
110070477,1100336995,NA,FALSE,"ESAS",710,5,"E",NA,NA,NA,NA,NA,NA,NA,NA,NA
110070477,1100336996,NA,TRUE,"ESAS",5900,1,"A","2",NA,NA,NA,NA,NA,NA,"94",NA
110070478,1100336997,21,TRUE,"ESAS",5910,1,"C","A",NA,NA,NA,NA,NA,NA,"40",NA
110070478,1100336998,21,TRUE,"ESAS",5910,1,"C","2",NA,NA,NA,NA,NA,NA,"40",NA
110070478,1100336999,22,TRUE,"ESAS",6360,1,"C",NA,NA,NA,NA,NA,NA,NA,NA,NA
110070478,1100337000,22,TRUE,"ESAS",6340,3,"C",NA,NA,NA,NA,NA,NA,NA,NA,NA
110070478,1100337001,22,TRUE,"ESAS",6020,1,"C","A",NA,NA,NA,NA,NA,NA,NA,NA
110070478,1100337002,NA,TRUE,"ESAS",5920,1,"A","3",NA,NA,NA,NA,NA,NA,"94",NA
110070478,1100337003,NA,TRUE,"ESAS",6340,3,"D",NA,NA,NA,NA,NA,NA,NA,NA,NA
110070478,1100337004,NA,TRUE,"ESAS",6340,1,"C",NA,NA,NA,NA,NA,NA,NA,NA,NA
110070478,1100337005,NA,TRUE,"ESAS",710,2,"C",NA,NA,NA,NA,NA,NA,NA,NA,NA
110070478,1100337006,NA,TRUE,"ESAS",6020,1,"D","A",NA,NA,NA,NA,NA,NA,NA,NA
110070479,1100337007,23,TRUE,"ESAS",6340,2,"B",NA,NA,"B",NA,NA,NA,NA,NA,NA
110070479,1100337008,23,TRUE,"ESAS",6340,1,"B",NA,NA,"W",NA,NA,NA,NA,NA,NA
110070479,1100337009,NA,TRUE,"ESAS",6340,2,"A",NA,NA,"W",NA,NA,NA,NA,NA,NA
110070479,1100337010,NA,TRUE,"ESAS",6340,2,"A",NA,NA,"W",NA,NA,NA,NA,NA,NA
110070479,1100337011,NA,TRUE,"ESAS",6340,1,"C",NA,NA,"B",NA,NA,NA,NA,NA,NA
110070480,1100337012,24,TRUE,"ESAS",6340,1,"C",NA,NA,"T",NA,NA,NA,NA,NA,NA
110070480,1100337013,24,TRUE,"ESAS",6340,1,"C",NA,NA,"W",NA,NA,NA,NA,NA,NA
110070480,1100337014,25,TRUE,"ESAS",6360,2,"B",NA,NA,"B",NA,NA,NA,NA,NA,NA
110070480,1100337015,25,TRUE,"ESAS",6020,1,"B","A",NA,NA,NA,NA,NA,NA,NA,NA
110070480,1100337016,NA,TRUE,"ESAS",6360,1,"C",NA,NA,"B",NA,NA,NA,NA,NA,NA
110070480,1100337017,NA,TRUE,"ESAS",6340,2,"A",NA,NA,NA,NA,NA,NA,NA,NA,NA
110070480,1100337018,NA,FALSE,"ESAS",6020,1,"F","A",NA,NA,NA,NA,NA,NA,NA,NA
110070480,1100337019,NA,TRUE,"ESAS",6340,1,"C",NA,NA,"W",NA,NA,NA,NA,NA,NA
110070481,1100337020,26,TRUE,"ESAS",6360,1,"A",NA,NA,"W",NA,NA,NA,NA,"48",NA
110070481,1100337021,26,TRUE,"ESAS",6020,1,"A","A",NA,NA,NA,NA,NA,NA,"49",NA
110070481,1100337022,26,TRUE,"ESAS",6360,2,"A",NA,NA,"B",NA,NA,NA,NA,"48",NA
110070482,1100337023,NA,TRUE,"ESAS",6340,1,"A",NA,NA,"W",NA,NA,NA,NA,NA,NA
110070482,1100337024,NA,TRUE,"ESAS",6020,1,"D","2",NA,NA,NA,NA,NA,NA,NA,NA
110070482,1100337025,NA,TRUE,"ESAS",5910,1,"F","A",NA,NA,NA,NA,NA,NA,NA,NA
110070483,1100337026,NA,FALSE,"ESAS",5910,1,"F","A",NA,NA,NA,NA,NA,NA,NA,NA
110070483,1100337027,NA,FALSE,"ESAS",710,1,"E","A",NA,NA,NA,NA,NA,NA,NA,NA
110070485,1100337028,NA,TRUE,"ESAS",6340,1,"A",NA,NA,"W",NA,NA,NA,NA,"93",NA
110070487,1100337029,NA,TRUE,"ESAS",6340,1,"D",NA,NA,"B",NA,NA,NA,NA,NA,NA
110070488,1100337030,NA,FALSE,"ESAS",6345,20,"E",NA,NA,NA,NA,NA,NA,13,NA,"EDGE OF OOSTHINDER"
110070488,1100337031,NA,FALSE,"ESAS",710,15,"E",NA,NA,NA,NA,NA,NA,13,NA,"EDGE OF OOSTHINDER"
110070489,1100337032,NA,TRUE,"ESAS",6340,2,"D",NA,NA,NA,NA,NA,NA,13,NA,"EDGE OF OOSTHINDER"
110070489,1100337033,NA,TRUE,"ESAS",6340,1,"A",NA,NA,"B",NA,NA,NA,13,NA,"EDGE OF OOSTHINDER"
110070489,1100337034,NA,TRUE,"ESAS",6340,5,"C",NA,NA,NA,NA,NA,NA,13,NA,"EDGE OF OOSTHINDER"
110070489,1100337035,NA,TRUE,"ESAS",6340,1,"D",NA,NA,NA,NA,NA,NA,13,NA,"EDGE OF OOSTHINDER"
110070490,1100337036,NA,TRUE,"ESAS",6340,3,"B",NA,NA,"B",NA,NA,NA,13,NA,"EDGE OF OOSTHINDER"
110070495,1100337037,NA,TRUE,"ESAS",6360,1,"C",NA,NA,NA,NA,NA,NA,NA,NA,NA
110070501,1100337038,27,FALSE,"ESAS",6020,4,"E",NA,NA,NA,NA,NA,NA,NA,NA,NA
110070501,1100337039,27,FALSE,"ESAS",6345,4,"E",NA,NA,NA,NA,NA,NA,NA,"48",NA
110070503,1100337040,28,FALSE,"ESAS",6340,1,"E",NA,NA,"B",NA,NA,NA,13,NA,NA
110070503,1100337041,28,FALSE,"ESAS",6340,1,"E",NA,NA,"W",NA,NA,NA,13,NA,"EDGE OF NOORDHINDER"
110070503,1100337042,NA,FALSE,"ESAS",710,6,"F",NA,NA,NA,NA,NA,NA,13,"49","EDGE OF NOORDHINDER"
110070503,1100337043,NA,TRUE,"ESAS",6340,2,"C",NA,NA,"W",NA,NA,NA,13,NA,"EDGE OF NOORDHINDER"
110070503,1100337044,NA,FALSE,"ESAS",710,5,"E",NA,NA,NA,NA,NA,NA,13,"45","EDGE OF NOORDHINDER"
110070506,1100337045,NA,TRUE,"ESAS",6340,1,"B",NA,NA,"W",NA,NA,NA,NA,"93",NA
110070507,1100337046,NA,TRUE,"ESAS",6340,1,"D",NA,NA,"B",NA,NA,NA,NA,NA,NA
110070507,1100337047,NA,FALSE,"ESAS",5900,1,"F","2",NA,NA,NA,NA,NA,NA,NA,NA
110070510,1100337049,NA,TRUE,"ESAS",6340,1,"A",NA,NA,"B",NA,NA,NA,NA,NA,NA
110070510,1100337050,NA,FALSE,"ESAS",59,1,"F",NA,NA,NA,NA,NA,NA,NA,NA,NA
110070511,1100337051,NA,FALSE,"ESAS",6345,3,"W",NA,NA,NA,NA,NA,NA,NA,NA,NA
110070511,1100337052,NA,FALSE,"ESAS",6345,5,"W",NA,NA,NA,NA,NA,NA,NA,NA,NA
110070511,1100337053,NA,FALSE,"ESAS",710,2,"W",NA,NA,NA,NA,NA,NA,NA,NA,NA
110070513,1100337054,NA,TRUE,"ESAS",64320,1,"W",NA,NA,NA,NA,NA,NA,NA,NA,NA
110070514,1100337055,NA,TRUE,"ESAS",5900,1,"F","2",NA,NA,NA,NA,NA,NA,NA,NA
110070515,1100337056,1,FALSE,"ESAS",6009,1,"F","I",NA,NA,NA,NA,NA,NA,NA,NA
110070515,1100337057,1,FALSE,"ESAS",5910,1,"F","A",NA,NA,NA,NA,NA,NA,NA,NA
110070516,1100337058,2,TRUE,"ESAS",6360,3,"C",NA,NA,"B",NA,NA,NA,NA,"93",NA
110070516,1100337059,2,TRUE,"ESAS",6340,1,"C",NA,NA,"B",NA,NA,NA,NA,"93",NA
110070516,1100337060,2,TRUE,"ESAS",6020,1,"C","A",NA,NA,NA,NA,NA,NA,NA,NA
110070516,1100337061,3,TRUE,"ESAS",5910,2,"F","A",NA,NA,NA,NA,NA,NA,NA,NA
110070516,1100337062,3,TRUE,"ESAS",5910,1,"F","4",NA,NA,NA,NA,NA,NA,NA,NA
110070516,1100337063,NA,TRUE,"ESAS",64310,1,"W",NA,NA,NA,NA,NA,NA,NA,NA,NA
110070518,1100337064,NA,TRUE,"ESAS",6340,1,"D",NA,NA,"B",NA,NA,NA,NA,NA,NA
110070519,1100337065,NA,FALSE,"ESAS",63510,1,"E",NA,NA,NA,NA,NA,NA,NA,NA,"90° 500M"
110070519,1100337066,NA,TRUE,"ESAS",6340,2,"C",NA,NA,"W",NA,NA,NA,NA,NA,NA
110070519,1100337067,NA,FALSE,"ESAS",710,2,"F","A",NA,NA,NA,"SW",NA,NA,NA,NA
110070520,1100337068,NA,FALSE,"ESAS",710,1,"E","I",NA,NA,NA,NA,NA,NA,NA,NA
110070521,1100337069,4,FALSE,"ESAS",6360,2,"E",NA,NA,"W",NA,NA,NA,NA,NA,NA
110070521,1100337070,4,FALSE,"ESAS",6360,1,"E",NA,NA,"B",NA,NA,NA,NA,NA,NA
110070522,1100337071,NA,FALSE,"ESAS",6340,4,"E",NA,NA,NA,NA,NA,NA,NA,NA,NA
110070522,1100337072,NA,TRUE,"ESAS",6340,2,"B",NA,NA,"W",NA,NA,NA,NA,NA,NA
110070523,1100337073,5,FALSE,"ESAS",6340,1,"E",NA,NA,"T",NA,NA,NA,NA,NA,NA
110070523,1100337074,5,FALSE,"ESAS",6340,1,"E",NA,NA,"W",NA,NA,NA,NA,NA,NA
110070523,1100337075,6,FALSE,"ESAS",6345,6,"E",NA,NA,NA,NA,NA,NA,NA,NA,NA
110070523,1100337076,6,FALSE,"ESAS",6020,1,"E","A",NA,NA,NA,NA,NA,NA,NA,NA
110070523,1100337077,NA,FALSE,"ESAS",710,1,"F",NA,NA,NA,NA,NA,NA,NA,NA,NA
110070523,1100337078,NA,TRUE,"ESAS",6340,1,"C",NA,NA,"B",NA,NA,NA,NA,NA,NA
110070524,1100337079,7,TRUE,"ESAS",6340,1,"D",NA,NA,"B",NA,NA,NA,NA,NA,NA
110070524,1100337080,7,TRUE,"ESAS",6340,1,"D",NA,NA,"W",NA,NA,NA,NA,NA,NA
110070524,1100337081,NA,TRUE,"ESAS",6340,1,"D",NA,NA,"T",NA,NA,NA,NA,NA,NA
110070525,1100337082,8,TRUE,"ESAS",6340,2,"D",NA,NA,"W",NA,NA,NA,NA,NA,NA
110070525,1100337083,8,TRUE,"ESAS",6340,1,"D",NA,NA,"B",NA,NA,NA,NA,NA,NA
110070526,1100337084,9,FALSE,"ESAS",710,8,"E",NA,NA,NA,NA,NA,NA,NA,NA,NA
110070526,1100337085,9,FALSE,"ESAS",6345,18,"E",NA,NA,NA,NA,NA,NA,NA,NA,NA
110070526,1100337086,NA,TRUE,"ESAS",6340,1,"D",NA,NA,"W",NA,NA,NA,NA,NA,NA
110070526,1100337087,NA,FALSE,"ESAS",710,2,"F",NA,NA,NA,NA,NA,NA,NA,NA,NA
110070528,1100337088,10,TRUE,"ESAS",6340,2,"A",NA,NA,"B",NA,NA,NA,NA,NA,NA
110070528,1100337089,10,TRUE,"ESAS",6340,1,"A",NA,NA,"W",NA,NA,NA,NA,NA,NA
110070528,1100337090,11,TRUE,"ESAS",6360,1,"A",NA,NA,"W",NA,NA,NA,NA,NA,NA
110070528,1100337091,11,TRUE,"ESAS",6360,1,"A",NA,NA,"B",NA,NA,NA,NA,NA,NA
110070528,1100337092,12,FALSE,"ESAS",6345,3,"E",NA,NA,NA,NA,NA,NA,NA,NA,NA
110070528,1100337093,12,FALSE,"ESAS",6020,1,"E",NA,NA,NA,NA,NA,NA,NA,NA,NA
110070528,1100337094,NA,TRUE,"ESAS",6340,1,"D",NA,NA,"W",NA,NA,NA,NA,NA,NA
110070529,1100337095,NA,TRUE,"ESAS",6360,2,"B",NA,NA,"W",NA,NA,NA,NA,NA,NA
110070529,1100337096,NA,TRUE,"ESAS",710,1,"C","A",NA,NA,NA,NA,NA,NA,NA,NA
110070530,1100337097,13,TRUE,"ESAS",6340,4,"D",NA,NA,NA,NA,NA,NA,NA,NA,NA
110070530,1100337098,13,TRUE,"ESAS",6020,1,"D","A",NA,NA,NA,NA,NA,NA,NA,NA
110070530,1100337099,NA,FALSE,"ESAS",710,2,"E",NA,NA,NA,NA,NA,NA,NA,NA,NA
110070530,1100337100,NA,TRUE,"ESAS",6340,2,"C",NA,NA,NA,NA,NA,NA,NA,NA,NA
110070530,1100337101,NA,TRUE,"ESAS",6340,1,"D",NA,NA,"W",NA,NA,NA,NA,NA,NA
110070530,1100337102,NA,FALSE,"ESAS",6340,5,"E",NA,NA,NA,NA,NA,NA,NA,NA,NA
110070531,1100337103,14,TRUE,"ESAS",6340,1,"C",NA,NA,"T",NA,NA,NA,NA,NA,NA
110070531,1100337104,14,TRUE,"ESAS",6340,1,"C",NA,NA,"B",NA,NA,NA,NA,NA,NA
110070531,1100337105,15,FALSE,"ESAS",6340,1,"A",NA,NA,NA,NA,NA,NA,NA,NA,NA
110070531,1100337106,15,FALSE,"ESAS",6360,4,"A",NA,NA,NA,NA,NA,NA,NA,NA,NA
110070531,1100337107,NA,FALSE,"ESAS",5910,1,"F","A",NA,NA,NA,NA,NA,NA,NA,NA
110070531,1100337108,NA,TRUE,"ESAS",6340,4,"A",NA,NA,NA,NA,NA,NA,NA,"93",NA
110070532,1100337109,16,TRUE,"ESAS",6360,2,"A",NA,NA,NA,NA,NA,NA,NA,"93",NA
110070532,1100337110,16,TRUE,"ESAS",6340,2,"A",NA,NA,NA,NA,NA,NA,NA,"93",NA
110070532,1100337111,16,TRUE,"ESAS",6020,1,"A",NA,NA,NA,NA,NA,NA,NA,"94",NA
110070532,1100337112,NA,FALSE,"ESAS",6340,2,"E",NA,NA,"W",NA,NA,NA,NA,NA,NA
110070532,1100337113,NA,FALSE,"ESAS",6340,1,"E",NA,NA,"B",NA,NA,NA,NA,NA,NA
110070532,1100337114,NA,TRUE,"ESAS",6340,1,"A",NA,NA,"B",NA,NA,NA,NA,NA,NA
110070534,1100337115,17,TRUE,"ESAS",6020,1,"D","A",NA,NA,NA,NA,NA,NA,NA,NA
110070534,1100337116,17,TRUE,"ESAS",6360,7,"D",NA,NA,NA,NA,NA,NA,NA,NA,NA
110070534,1100337117,18,FALSE,"ESAS",6020,2,"E",NA,NA,NA,NA,NA,NA,NA,NA,NA
110070534,1100337118,18,FALSE,"ESAS",6345,5,"E",NA,NA,NA,NA,NA,NA,NA,NA,NA
110070534,1100337119,18,FALSE,"ESAS",710,1,"E",NA,NA,NA,NA,NA,NA,NA,NA,NA
110070534,1100337120,NA,TRUE,"ESAS",220,1,"D",NA,NA,"L",NA,NA,NA,NA,NA,NA
110070535,1100337121,19,TRUE,"ESAS",6360,3,"A",NA,NA,"B",NA,NA,NA,NA,NA,NA
110070535,1100337122,19,TRUE,"ESAS",6020,1,"A","A",NA,NA,NA,NA,NA,NA,NA,NA
110070535,1100337123,20,TRUE,"ESAS",710,1,"A","A",NA,NA,NA,NA,NA,NA,"45",NA
110070535,1100337124,20,TRUE,"ESAS",6020,1,"A","A",NA,NA,NA,NA,NA,NA,"45",NA
110070535,1100337125,20,TRUE,"ESAS",6360,3,"A",NA,NA,NA,NA,NA,NA,NA,NA,NA
110070535,1100337126,NA,TRUE,"ESAS",6020,1,"F","2",NA,NA,NA,NA,NA,NA,"49",NA
110070536,1100337127,21,TRUE,"ESAS",6360,3,"D",NA,NA,NA,NA,NA,NA,NA,NA,NA
110070536,1100337128,21,TRUE,"ESAS",6020,1,"D",NA,NA,NA,NA,NA,NA,NA,NA,NA
110070536,1100337129,NA,TRUE,"ESAS",6340,2,"B",NA,NA,NA,NA,NA,NA,NA,NA,NA
110070537,1100337130,NA,TRUE,"ESAS",5910,1,"F","A",NA,NA,NA,NA,NA,NA,NA,NA
110070538,1100337131,NA,TRUE,"ESAS",6360,4,"A",NA,NA,NA,NA,NA,NA,NA,NA,NA
110070538,1100337132,NA,TRUE,"ESAS",6360,2,"A",NA,NA,NA,NA,NA,NA,NA,NA,NA
110070538,1100337133,NA,FALSE,"ESAS",710,1,"F","A",NA,NA,NA,NA,NA,NA,NA,NA
110070539,1100337134,NA,TRUE,"ESAS",6340,1,"C",NA,NA,"T",NA,NA,NA,NA,NA,NA
110070539,1100337135,NA,TRUE,"ESAS",6340,1,"B",NA,NA,"W",NA,NA,NA,NA,NA,NA
110070539,1100337136,NA,FALSE,"ESAS",710,1,"E","3",NA,NA,NA,NA,NA,NA,NA,NA
110070540,1100337137,NA,FALSE,"ESAS",6340,2,"E",NA,NA,"T",NA,NA,NA,NA,NA,NA
110070541,1100337138,NA,TRUE,"ESAS",6360,3,"C",NA,NA,NA,NA,NA,NA,NA,NA,NA
110070541,1100337139,NA,TRUE,"ESAS",6340,1,"C",NA,NA,"W",NA,NA,NA,NA,NA,NA
110070541,1100337140,NA,TRUE,"ESAS",6340,1,"A",NA,NA,"W",NA,NA,NA,NA,NA,NA
110070542,1100337141,22,FALSE,"ESAS",6020,4,"E",NA,NA,NA,NA,NA,NA,NA,NA,NA
110070542,1100337142,22,FALSE,"ESAS",6345,9,"E",NA,NA,NA,NA,NA,NA,NA,NA,NA
110070542,1100337143,23,TRUE,"ESAS",710,1,"C","A",NA,NA,NA,NA,NA,NA,NA,NA
110070542,1100337144,23,TRUE,"ESAS",6020,1,"C","A",NA,NA,NA,NA,NA,NA,NA,NA
110070543,1100337145,24,TRUE,"ESAS",6020,2,"C","A",NA,NA,NA,NA,NA,NA,NA,NA
110070543,1100337146,24,TRUE,"ESAS",6360,11,"C",NA,NA,NA,NA,NA,NA,NA,"48",NA
110070543,1100337147,24,TRUE,"ESAS",6020,1,"C","2",NA,NA,NA,NA,NA,NA,NA,NA
110070545,1100337148,25,TRUE,"ESAS",6360,5,"B",NA,NA,NA,NA,NA,NA,NA,NA,NA
110070545,1100337149,25,TRUE,"ESAS",6020,1,"B","A",NA,NA,NA,NA,NA,NA,NA,NA
110070545,1100337150,26,TRUE,"ESAS",6360,4,"D",NA,NA,NA,NA,NA,NA,NA,NA,NA
110070545,1100337151,26,TRUE,"ESAS",6020,3,"D",NA,NA,NA,NA,NA,NA,NA,NA,NA
110070546,1100337152,NA,TRUE,"ESAS",6360,4,"B",NA,NA,NA,NA,NA,NA,NA,NA,NA
110070547,1100337153,NA,TRUE,"ESAS",62260,1,"B",NA,NA,NA,NA,NA,NA,NA,NA,"0° 1KM"
110070548,1100337154,NA,TRUE,"ESAS",6340,4,"A",NA,NA,NA,NA,NA,NA,NA,NA,NA
110070551,1100337155,27,FALSE,"ESAS",6360,9,"E",NA,NA,NA,NA,NA,NA,NA,NA,NA
110070551,1100337156,27,FALSE,"ESAS",6020,1,"E","A",NA,NA,NA,NA,NA,NA,NA,NA
110070551,1100337157,NA,FALSE,"ESAS",62260,1,"E",NA,NA,NA,NA,NA,NA,NA,NA,"90° 500M - SAME IND"
110070552,1100337158,NA,FALSE,"ESAS",20,4,"F",NA,NA,NA,NA,NA,NA,NA,NA,NA
110070553,1100337159,NA,TRUE,"ESAS",6020,4,"D",NA,NA,NA,NA,NA,NA,NA,NA,NA
110070554,1100337160,28,TRUE,"ESAS",6360,2,"D",NA,NA,"B",NA,NA,NA,NA,NA,NA
110070554,1100337161,28,TRUE,"ESAS",6360,3,"D",NA,NA,"W",NA,NA,NA,NA,NA,NA
110070554,1100337162,NA,TRUE,"ESAS",6020,2,"C","A",NA,NA,NA,NA,NA,NA,NA,NA
110070554,1100337163,NA,TRUE,"ESAS",6340,1,"B",NA,NA,"B",NA,NA,NA,NA,NA,NA
110070555,1100337164,NA,FALSE,"ESAS",6360,1,"F",NA,NA,NA,NA,NA,NA,NA,NA,NA
110070555,1100337165,NA,TRUE,"ESAS",6340,2,"B",NA,NA,"W",NA,NA,NA,NA,NA,NA
110070556,1100337166,29,TRUE,"ESAS",6340,1,"C",NA,NA,"W",NA,NA,NA,NA,NA,NA
110070556,1100337167,29,TRUE,"ESAS",6340,1,"C",NA,NA,"B",NA,NA,NA,NA,NA,NA
110070556,1100337168,NA,TRUE,"ESAS",6340,1,"B",NA,NA,"T",NA,NA,NA,NA,NA,NA
110070557,1100337169,30,TRUE,"ESAS",6340,1,"D",NA,NA,"B",NA,NA,NA,NA,NA,NA
110070557,1100337170,30,TRUE,"ESAS",6340,2,"D",NA,NA,"W",NA,NA,NA,NA,NA,NA
110070557,1100337171,31,TRUE,"ESAS",6360,4,"C",NA,NA,NA,NA,NA,NA,NA,NA,NA
110070557,1100337172,31,TRUE,"ESAS",6340,1,"C",NA,NA,NA,NA,NA,NA,NA,NA,NA
110070557,1100337173,NA,TRUE,"ESAS",6340,5,"D",NA,NA,NA,NA,NA,NA,NA,NA,NA
110070557,1100337174,NA,FALSE,"ESAS",6340,3,"E",NA,NA,NA,NA,NA,NA,NA,NA,NA
110070558,1100337175,NA,TRUE,"ESAS",6360,8,"B",NA,NA,NA,NA,NA,NA,NA,NA,NA
110070558,1100337176,NA,TRUE,"ESAS",6340,3,"C",NA,NA,NA,NA,NA,NA,NA,NA,NA
110070558,1100337177,NA,TRUE,"ESAS",6340,3,"A",NA,NA,NA,NA,NA,NA,NA,NA,NA
110070558,1100337178,NA,TRUE,"ESAS",6340,2,"A",NA,NA,"B",NA,NA,NA,NA,NA,"ONE BRILLED IND"
110070559,1100337179,NA,TRUE,"ESAS",6340,2,"B",NA,NA,NA,NA,NA,NA,NA,NA,NA
110070559,1100337180,NA,TRUE,"ESAS",6340,3,"C",NA,NA,NA,NA,NA,NA,NA,NA,NA
110070559,1100337181,NA,TRUE,"ESAS",6360,2,"C",NA,NA,NA,NA,NA,NA,NA,NA,NA
110070559,1100337182,NA,TRUE,"ESAS",6360,3,"A",NA,NA,NA,NA,NA,NA,NA,NA,NA
110070559,1100337183,NA,TRUE,"ESAS",6340,3,"C",NA,NA,NA,NA,NA,NA,NA,NA,NA
110070560,1100337184,32,TRUE,"ESAS",6340,2,"A",NA,NA,NA,NA,NA,NA,NA,NA,NA
110070560,1100337185,32,TRUE,"ESAS",6360,2,"A",NA,NA,NA,NA,NA,NA,NA,NA,NA
110070560,1100337186,NA,TRUE,"ESAS",6340,1,"C",NA,NA,"W",NA,NA,NA,NA,NA,NA
110070560,1100337187,NA,TRUE,"ESAS",6340,1,"C",NA,NA,NA,NA,NA,NA,NA,NA,NA
110070560,1100337188,NA,TRUE,"ESAS",6340,1,"A",NA,NA,"B",NA,NA,NA,NA,NA,NA
110070560,1100337189,NA,TRUE,"ESAS",6360,2,"A",NA,NA,NA,NA,NA,NA,NA,NA,NA
110070561,1100337190,NA,TRUE,"ESAS",6340,5,"C",NA,NA,NA,NA,NA,NA,NA,NA,NA
110070561,1100337191,NA,TRUE,"ESAS",6340,4,"B",NA,NA,NA,NA,NA,NA,NA,NA,NA
110070561,1100337192,NA,TRUE,"ESAS",6340,1,"B",NA,NA,NA,NA,NA,NA,NA,NA,NA
110070561,1100337193,NA,TRUE,"ESAS",6340,1,"B",NA,NA,NA,NA,NA,NA,NA,NA,NA
110070561,1100337194,NA,TRUE,"ESAS",6340,1,"D",NA,NA,"B",NA,NA,NA,NA,NA,NA
110070561,1100337195,NA,TRUE,"ESAS",6340,1,"B",NA,NA,NA,NA,NA,NA,NA,NA,NA
110070561,1100337196,NA,FALSE,"ESAS",64320,1,"E",NA,NA,NA,NA,NA,NA,NA,NA,NA
110070562,1100337197,NA,TRUE,"ESAS",6360,4,"B",NA,NA,NA,NA,NA,NA,NA,NA,NA
110070562,1100337198,NA,TRUE,"ESAS",6340,2,"C",NA,NA,NA,NA,NA,NA,NA,NA,NA
110070562,1100337199,NA,TRUE,"ESAS",6360,2,"C",NA,NA,NA,NA,NA,NA,NA,NA,NA
110070563,1100337200,NA,TRUE,"ESAS",6340,2,"C",NA,NA,"B",NA,NA,NA,NA,NA,NA
110070563,1100337201,NA,TRUE,"ESAS",6340,1,"A",NA,NA,"W",NA,NA,NA,NA,NA,NA
110070564,1100337202,33,TRUE,"ESAS",6340,1,"C",NA,NA,"W",NA,NA,NA,NA,NA,NA
110070564,1100337203,33,TRUE,"ESAS",6340,1,"C",NA,NA,"B",NA,NA,NA,NA,NA,NA
110070564,1100337204,34,TRUE,"ESAS",6340,1,"C",NA,NA,"W",NA,NA,NA,NA,NA,NA
110070564,1100337205,34,TRUE,"ESAS",6340,1,"C",NA,NA,"B",NA,NA,NA,NA,NA,NA
110070564,1100337206,35,TRUE,"ESAS",6340,1,"A",NA,NA,"B",NA,NA,NA,NA,NA,NA
110070564,1100337207,35,TRUE,"ESAS",6340,1,"A",NA,NA,"T",NA,NA,NA,NA,NA,NA
110070564,1100337208,NA,TRUE,"ESAS",710,1,"F",NA,NA,NA,NA,NA,NA,NA,NA,NA
110070564,1100337209,NA,TRUE,"ESAS",6340,2,"C",NA,NA,NA,NA,NA,NA,NA,NA,NA
110070564,1100337210,NA,TRUE,"ESAS",6340,1,"A",NA,NA,"B",NA,NA,NA,NA,NA,NA
110070565,1100337211,NA,TRUE,"ESAS",5910,1,"A",NA,NA,NA,NA,NA,NA,NA,NA,NA
110070565,1100337212,NA,TRUE,"ESAS",5910,6,"B",NA,NA,NA,NA,NA,NA,NA,NA,NA
110070565,1100337213,NA,TRUE,"ESAS",6340,1,"B",NA,NA,"W",NA,NA,NA,NA,NA,NA
110070565,1100337214,NA,TRUE,"ESAS",5910,3,"C",NA,NA,NA,NA,NA,NA,NA,NA,NA
110070565,1100337215,NA,FALSE,"ESAS",220,1,"F",NA,NA,NA,NA,NA,NA,NA,NA,NA
110070566,1100337216,NA,FALSE,"ESAS",5900,1,"F","2",NA,NA,NA,NA,NA,NA,NA,NA
110070566,1100337217,NA,TRUE,"ESAS",6340,1,"C",NA,NA,"B",NA,NA,NA,NA,NA,NA
110070569,1100337218,NA,FALSE,"ESAS",5900,2,"F","A",NA,NA,NA,NA,NA,NA,NA,NA
110070570,1100337219,NA,FALSE,"ESAS",6340,2,"E",NA,NA,NA,NA,NA,NA,NA,NA,NA
110070570,1100337220,NA,FALSE,"ESAS",5910,1,"F","A",NA,NA,NA,NA,NA,NA,NA,NA
110070570,1100337221,NA,TRUE,"ESAS",6360,2,"C",NA,NA,NA,NA,NA,NA,NA,NA,NA
110070571,1100337222,NA,TRUE,"ESAS",5900,1,"F","2",NA,NA,NA,NA,NA,NA,NA,NA
110070571,1100337223,NA,FALSE,"ESAS",5410,1,"F",NA,NA,NA,NA,NA,NA,NA,NA,NA
110070571,1100337224,NA,FALSE,"ESAS",6360,1,"F",NA,NA,NA,NA,NA,NA,NA,NA,NA
110070575,1100337225,36,TRUE,"ESAS",6360,1,"B",NA,NA,"T",NA,NA,NA,NA,NA,NA
110070575,1100337226,36,TRUE,"ESAS",6360,1,"B",NA,NA,"B",NA,NA,NA,NA,NA,NA
110070577,1100337227,NA,FALSE,"ESAS",710,1,"F","A",NA,NA,NA,NA,NA,NA,NA,NA
110070578,1100337228,NA,TRUE,"ESAS",6360,3,"C",NA,NA,NA,NA,NA,NA,NA,NA,NA
110070578,1100337229,NA,FALSE,"ESAS",5900,1,"F","3",NA,NA,NA,NA,NA,NA,NA,NA
110070581,1100337230,NA,TRUE,"ESAS",6340,2,"C",NA,NA,"B",NA,NA,NA,NA,NA,NA
110070581,1100337231,NA,FALSE,"ESAS",6340,1,"E",NA,NA,"W",NA,NA,NA,NA,NA,NA
110070581,1100337232,NA,TRUE,"ESAS",6340,1,"D",NA,NA,"B",NA,NA,NA,NA,NA,NA
110070581,1100337233,NA,TRUE,"ESAS",6340,1,"B",NA,NA,"B",NA,NA,NA,NA,NA,NA
110070581,1100337234,NA,TRUE,"ESAS",6340,1,"B",NA,NA,"W",NA,NA,NA,NA,NA,NA
110070582,1100337235,NA,TRUE,"ESAS",6340,1,"B",NA,NA,"B",NA,NA,NA,NA,NA,NA
110070582,1100337236,NA,FALSE,"ESAS",710,1,"F","A",NA,NA,NA,NA,NA,NA,NA,NA
110070582,1100337237,NA,FALSE,"ESAS",5910,1,"F","A",NA,NA,NA,NA,NA,NA,NA,NA
110070582,1100337238,NA,TRUE,"ESAS",6340,2,"C",NA,NA,"W",NA,NA,NA,NA,NA,NA
110070583,1100337239,NA,TRUE,"ESAS",6340,1,"C",NA,NA,NA,NA,NA,NA,NA,NA,NA
110070583,1100337240,NA,TRUE,"ESAS",6340,1,"B",NA,NA,"T",NA,NA,NA,NA,NA,NA
110070583,1100337241,NA,TRUE,"ESAS",6340,1,"B",NA,NA,NA,NA,NA,NA,NA,NA,NA
110070583,1100337242,NA,TRUE,"ESAS",6340,1,"B",NA,NA,"W",NA,NA,NA,NA,NA,NA
110070583,1100337243,NA,TRUE,"ESAS",6340,11,"W",NA,NA,NA,NA,NA,NA,NA,NA,NA
110070583,1100337244,NA,TRUE,"ESAS",6340,1,"A",NA,NA,"W",NA,NA,NA,NA,NA,NA
110070584,1100337245,NA,TRUE,"ESAS",6340,1,"A",NA,NA,"T",NA,NA,NA,NA,NA,NA
110070584,1100337246,NA,FALSE,"ESAS",5920,1,"F","2",NA,NA,NA,NA,NA,NA,NA,NA
110070584,1100337247,NA,TRUE,"ESAS",6340,8,"W",NA,NA,NA,NA,NA,NA,NA,NA,NA
110070584,1100337248,NA,FALSE,"ESAS",6340,5,"E",NA,NA,NA,NA,NA,NA,NA,NA,NA
110070584,1100337249,NA,FALSE,"ESAS",5910,1,"F","A",NA,NA,NA,NA,NA,NA,NA,NA
110070585,1100337250,NA,TRUE,"ESAS",6340,3,"C",NA,NA,NA,NA,NA,NA,NA,NA,NA
110070585,1100337251,NA,TRUE,"ESAS",6340,1,"C",NA,NA,NA,NA,NA,NA,NA,NA,NA
110070585,1100337252,NA,TRUE,"ESAS",6360,2,"A",NA,NA,NA,NA,NA,NA,NA,NA,NA
110070586,1100337253,NA,TRUE,"ESAS",6340,3,"A",NA,NA,NA,NA,NA,NA,NA,NA,NA
110070586,1100337254,NA,TRUE,"ESAS",6340,14,"W",NA,NA,NA,NA,NA,NA,NA,NA,NA
110070586,1100337255,NA,FALSE,"ESAS",5920,1,"F","A",NA,NA,NA,NA,NA,NA,NA,NA
110070587,1100337256,NA,TRUE,"ESAS",6340,1,"C",NA,NA,NA,NA,NA,NA,NA,NA,NA
110070587,1100337257,NA,TRUE,"ESAS",6340,2,"C",NA,NA,NA,NA,NA,NA,NA,NA,NA
110070587,1100337258,NA,TRUE,"ESAS",6340,9,"B",NA,NA,NA,NA,NA,NA,NA,NA,NA
110070587,1100337259,NA,TRUE,"ESAS",6340,1,"B",NA,NA,NA,NA,NA,NA,NA,NA,NA
110070587,1100337260,NA,TRUE,"ESAS",6340,1,"C",NA,NA,"W",NA,NA,NA,NA,NA,NA
110070587,1100337261,NA,TRUE,"ESAS",6340,2,"D",NA,NA,"W",NA,NA,NA,NA,NA,NA
110070587,1100337262,NA,FALSE,"ESAS",5900,1,"F","2",NA,NA,NA,NA,NA,NA,NA,NA
110070587,1100337263,NA,FALSE,"ESAS",6340,4,"E",NA,NA,NA,NA,NA,NA,NA,NA,NA
110070587,1100337264,NA,TRUE,"ESAS",6340,1,"C",NA,NA,"W",NA,NA,NA,NA,NA,NA
110070588,1100337265,37,TRUE,"ESAS",6340,2,"C",NA,NA,"B",NA,NA,NA,NA,NA,NA
110070588,1100337266,37,TRUE,"ESAS",6340,1,"C",NA,NA,"W",NA,NA,NA,NA,NA,NA
110070588,1100337267,37,TRUE,"ESAS",6340,1,"C",NA,NA,"T",NA,NA,NA,NA,NA,NA
110070588,1100337268,NA,TRUE,"ESAS",6340,1,"C",NA,NA,"B",NA,NA,NA,NA,NA,NA
110070588,1100337269,NA,TRUE,"ESAS",6340,3,"C",NA,NA,NA,NA,NA,NA,NA,NA,NA
110070588,1100337270,NA,TRUE,"ESAS",6340,3,"D",NA,NA,NA,NA,NA,NA,NA,NA,NA
110070589,1100337271,38,TRUE,"ESAS",6340,2,"A",NA,NA,"B",NA,NA,NA,NA,NA,NA
110070589,1100337272,38,TRUE,"ESAS",6340,1,"A",NA,NA,"W",NA,NA,NA,NA,NA,NA
110070589,1100337273,NA,TRUE,"ESAS",6340,1,"A",NA,NA,"W",NA,NA,NA,NA,NA,NA
110070589,1100337274,NA,TRUE,"ESAS",6360,2,"C",NA,NA,NA,NA,NA,NA,NA,"48~30",NA
110070589,1100337275,NA,FALSE,"ESAS",710,1,"F","A",NA,NA,NA,NA,NA,NA,NA,NA
110070589,1100337276,NA,TRUE,"ESAS",6360,1,"D",NA,NA,"W",NA,NA,NA,NA,NA,NA
110070589,1100337277,NA,TRUE,"ESAS",6340,1,"A",NA,NA,"W",NA,NA,NA,NA,NA,NA
110070589,1100337278,NA,FALSE,"ESAS",5900,1,"F","2",NA,NA,NA,NA,NA,NA,NA,NA
110070590,1100337279,NA,TRUE,"ESAS",6340,5,"A",NA,NA,NA,NA,NA,NA,NA,NA,NA
110070590,1100337280,NA,TRUE,"ESAS",6340,14,"W",NA,NA,NA,NA,NA,NA,NA,NA,NA
110070590,1100337281,NA,TRUE,"ESAS",6340,1,"B",NA,NA,"W",NA,NA,NA,NA,NA,NA
110070590,1100337282,NA,TRUE,"ESAS",6340,1,"C",NA,NA,NA,NA,NA,NA,NA,NA,NA
110070590,1100337283,NA,FALSE,"ESAS",5900,1,"F","3",NA,NA,NA,NA,NA,NA,NA,NA
110070590,1100337284,NA,TRUE,"ESAS",6340,4,"D",NA,NA,NA,NA,NA,NA,NA,NA,NA
110070591,1100337285,NA,TRUE,"ESAS",6340,3,"D",NA,NA,NA,NA,NA,NA,NA,NA,NA
110070591,1100337286,NA,TRUE,"ESAS",6340,1,"C",NA,NA,NA,NA,NA,NA,NA,NA,NA
110070592,1100337287,NA,TRUE,"ESAS",6360,2,"C",NA,NA,NA,NA,NA,NA,NA,NA,NA
110070592,1100337288,NA,TRUE,"ESAS",6340,1,"A",NA,NA,"W",NA,NA,NA,NA,NA,NA
110070592,1100337289,NA,TRUE,"ESAS",6340,1,"C",NA,NA,"W",NA,NA,NA,NA,NA,NA
110070592,1100337290,NA,FALSE,"ESAS",6020,1,"F","A",NA,NA,NA,NA,NA,NA,"49",NA
110070593,1100337291,39,TRUE,"ESAS",6340,1,"C",NA,NA,"W",NA,NA,NA,NA,NA,NA
110070593,1100337292,39,TRUE,"ESAS",6340,1,"C",NA,NA,"T",NA,NA,NA,NA,NA,NA
110070593,1100337293,40,TRUE,"ESAS",6340,2,"C",NA,NA,"W",NA,NA,NA,NA,NA,NA
110070593,1100337294,40,TRUE,"ESAS",6340,1,"C",NA,NA,"T",NA,NA,NA,NA,NA,NA
110070593,1100337295,NA,TRUE,"ESAS",6340,2,"D",NA,NA,"W",NA,NA,NA,NA,NA,NA
110070593,1100337296,NA,TRUE,"ESAS",6340,1,"A",NA,NA,"B",NA,NA,NA,NA,NA,NA
110070594,1100337297,41,TRUE,"ESAS",6340,2,"D",NA,NA,"W",NA,NA,NA,NA,NA,NA
110070594,1100337298,41,TRUE,"ESAS",6340,1,"D",NA,NA,"T",NA,NA,NA,NA,NA,NA
110070594,1100337299,NA,TRUE,"ESAS",6340,1,"D",NA,NA,"W",NA,NA,NA,NA,NA,NA
110070594,1100337300,NA,TRUE,"ESAS",6340,1,"D",NA,NA,"W",NA,NA,NA,NA,NA,NA
110070594,1100337301,NA,TRUE,"ESAS",6340,1,"C",NA,NA,"W",NA,NA,NA,NA,NA,NA
110070595,1100337302,42,TRUE,"ESAS",6340,1,"B",NA,NA,"B",NA,NA,NA,NA,NA,NA
110070595,1100337303,42,TRUE,"ESAS",6340,2,"B",NA,NA,"T",NA,NA,NA,NA,NA,NA
110070595,1100337304,NA,TRUE,"ESAS",6340,1,"B",NA,NA,"W",NA,NA,NA,NA,NA,NA
110070596,1100337305,NA,FALSE,"ESAS",6360,3,"E",NA,NA,NA,NA,NA,NA,NA,NA,NA
110070596,1100337306,NA,FALSE,"ESAS",5910,1,"F",NA,NA,NA,NA,NA,NA,NA,NA,NA
110070596,1100337307,NA,TRUE,"ESAS",6360,1,"A",NA,NA,"T",NA,NA,NA,NA,NA,NA
110070597,1100337308,NA,FALSE,"ESAS",5900,1,"F","A",NA,NA,NA,NA,NA,NA,NA,NA
110070599,1100337309,NA,FALSE,"ESAS",6360,6,"A",NA,NA,NA,NA,NA,NA,NA,NA,NA
110070600,1100337310,NA,TRUE,"ESAS",6340,1,"A",NA,NA,NA,NA,NA,NA,NA,"93",NA
110070600,1100337311,NA,FALSE,"ESAS",6340,2,"A",NA,NA,"W",NA,NA,NA,NA,NA,NA
110070601,1100337312,NA,TRUE,"ESAS",6340,1,"A",NA,NA,"B",NA,NA,NA,NA,NA,NA
110070601,1100337313,NA,TRUE,"ESAS",6340,1,"C",NA,NA,"W",NA,NA,NA,NA,NA,NA
110070601,1100337314,NA,TRUE,"ESAS",6340,1,"C",NA,NA,"T",NA,NA,NA,NA,NA,NA
110070602,1100337315,NA,TRUE,"ESAS",6340,1,"D",NA,NA,"B",NA,NA,NA,NA,NA,NA
110070602,1100337316,NA,TRUE,"ESAS",6340,1,"A",NA,NA,"T",NA,NA,NA,NA,NA,NA
110070602,1100337317,NA,FALSE,"ESAS",6340,4,"W",NA,NA,NA,NA,NA,NA,NA,NA,NA
110070603,1100337318,NA,TRUE,"ESAS",6340,1,"A",NA,NA,"B",NA,NA,NA,NA,NA,NA
110070603,1100337319,NA,TRUE,"ESAS",6340,1,"A",NA,NA,"B",NA,NA,NA,NA,NA,NA
110070603,1100337320,NA,TRUE,"ESAS",6340,1,"A",NA,NA,"T",NA,NA,NA,NA,NA,NA
110070604,1100337321,43,TRUE,"ESAS",6340,1,"C",NA,NA,"B",NA,NA,NA,NA,NA,NA
110070604,1100337322,43,TRUE,"ESAS",6340,1,"C",NA,NA,"W",NA,NA,NA,NA,NA,NA
110070606,1100337323,NA,FALSE,"ESAS",5900,1,"F","3",NA,NA,NA,NA,NA,NA,NA,NA
110070606,1100337324,NA,FALSE,"ESAS",5900,3,"F","2",NA,NA,NA,NA,NA,NA,NA,NA
110070606,1100337325,NA,FALSE,"ESAS",5910,1,"F","A",NA,NA,NA,NA,NA,NA,NA,NA
110070607,1100337326,NA,FALSE,"ESAS",6340,2,"E",NA,NA,NA,NA,NA,NA,NA,NA,NA
110070607,1100337327,NA,TRUE,"ESAS",6340,1,"C",NA,NA,NA,NA,NA,NA,NA,NA,NA
110070607,1100337328,NA,FALSE,"ESAS",220,1,"E",NA,NA,NA,NA,NA,NA,NA,NA,NA
110070608,1100337329,44,FALSE,"ESAS",220,1,"E",NA,NA,NA,NA,NA,NA,NA,NA,NA
110070608,1100337330,44,FALSE,"ESAS",6345,1,"E",NA,NA,NA,NA,NA,NA,NA,NA,NA
110070608,1100337331,NA,TRUE,"ESAS",6340,1,"D",NA,NA,NA,NA,NA,NA,NA,NA,NA
110070609,1100337332,NA,TRUE,"ESAS",6340,1,"B",NA,NA,"W",NA,NA,NA,NA,NA,NA
110070609,1100337333,NA,FALSE,"ESAS",710,1,"F","A",NA,NA,NA,NA,NA,NA,NA,NA
110070610,1100337334,NA,TRUE,"ESAS",64330,1,"D",NA,NA,NA,NA,NA,NA,NA,NA,NA
110070612,1100337335,NA,FALSE,"ESAS",5900,1,"E",NA,NA,NA,NA,NA,NA,NA,"49",NA
110070612,1100337336,NA,TRUE,"ESAS",64320,1,"C",NA,NA,NA,NA,NA,NA,NA,NA,NA
110070612,1100337337,NA,TRUE,"ESAS",6360,4,"B",NA,NA,NA,NA,NA,NA,NA,NA,NA
110070612,1100337338,NA,FALSE,"ESAS",6340,1,"E",NA,NA,NA,NA,NA,NA,NA,NA,NA
110070620,1100337339,NA,TRUE,"ESAS",6340,1,"D",NA,NA,NA,NA,NA,NA,NA,NA,NA
110070620,1100337340,NA,FALSE,"ESAS",6340,2,"A",NA,NA,NA,NA,NA,NA,NA,NA,NA
110070620,1100337341,NA,FALSE,"ESAS",63510,1,"A",NA,NA,NA,NA,NA,NA,NA,NA,NA
110070620,1100337342,NA,TRUE,"ESAS",6340,1,"D",NA,NA,NA,NA,NA,NA,NA,NA,NA
110070621,1100337343,NA,TRUE,"ESAS",6340,1,"C",NA,NA,NA,NA,NA,NA,NA,NA,NA
110070621,1100337344,NA,FALSE,"ESAS",6340,1,"E",NA,NA,NA,NA,NA,NA,NA,NA,NA
110070621,1100337345,NA,TRUE,"ESAS",6340,1,"A",NA,NA,NA,NA,NA,NA,NA,NA,NA
110070622,1100337346,NA,TRUE,"ESAS",6340,1,"D",NA,NA,"T",NA,NA,NA,NA,NA,NA
110070622,1100337347,NA,FALSE,"ESAS",63510,2,"E",NA,NA,NA,NA,NA,NA,NA,NA,NA
110070622,1100337348,NA,TRUE,"ESAS",6360,1,"C",NA,NA,"W",NA,NA,NA,NA,NA,NA
110070626,1100337349,NA,TRUE,"ESAS",6340,1,"D",NA,NA,"W",NA,NA,NA,NA,NA,NA
110070628,1100337350,NA,TRUE,"ESAS",6340,4,"D",NA,NA,NA,NA,NA,NA,NA,NA,NA
110070629,1100337351,NA,TRUE,"ESAS",40,1,"C",NA,NA,NA,NA,NA,NA,NA,NA,NA
110070629,1100337352,NA,FALSE,"ESAS",16360,1,"F",NA,NA,NA,NA,NA,NA,18,NA,NA
110070633,1100337353,NA,FALSE,"ESAS",5900,1,"F","2",NA,NA,NA,NA,NA,NA,NA,NA
110070635,1100337354,NA,TRUE,"ESAS",6340,1,"D",NA,NA,"B",NA,NA,NA,NA,NA,NA
110070638,1100337355,NA,FALSE,"ESAS",20,2,"F",NA,NA,NA,NA,NA,NA,NA,NA,NA
110070639,1100337356,NA,FALSE,"ESAS",5900,1,"F",NA,NA,NA,NA,NA,NA,NA,NA,NA
110070643,1100337357,NA,FALSE,"ESAS",5900,1,"F",NA,NA,NA,NA,NA,NA,NA,NA,NA
110070643,1100337358,NA,TRUE,"ESAS",5920,1,"F","I",NA,NA,NA,NA,NA,NA,NA,NA
110070644,1100337359,NA,FALSE,"ESAS",5900,1,"F",NA,NA,NA,NA,NA,NA,NA,NA,NA
110070644,1100337360,NA,FALSE,"ESAS",6020,1,"F","2",NA,NA,NA,NA,NA,NA,NA,NA
110070644,1100337361,NA,FALSE,"ESAS",710,1,"E","A",NA,NA,NA,NA,NA,NA,NA,NA
110070645,1100337362,45,FALSE,"ESAS",5910,70,"E",NA,NA,NA,NA,NA,NA,26,NA,NA
110070645,1100337363,45,FALSE,"ESAS",5920,10,"E",NA,NA,NA,NA,NA,NA,26,NA,NA
110070645,1100337365,NA,FALSE,"ESAS",5910,1,"F","A",NA,NA,NA,NA,NA,NA,NA,NA
110070645,1100337366,NA,FALSE,"ESAS",5920,2,"F","2",NA,NA,NA,NA,NA,NA,NA,NA
110070645,1100337367,NA,FALSE,"ESAS",710,3,"E",NA,NA,NA,NA,NA,NA,26,NA,NA
110070646,1100337368,NA,FALSE,"ESAS",5910,2,"F","A",NA,NA,NA,NA,NA,26,NA,NA
110070646,1100337369,NA,TRUE,"ESAS",5910,3,"D","A",NA,NA,NA,NA,NA,26,NA,NA
110070646,1100337370,NA,FALSE,"ESAS",5910,3,"F","A",NA,NA,NA,NA,NA,26,NA,NA
110070646,1100337371,NA,FALSE,"ESAS",5910,2,"E","A",NA,NA,NA,NA,NA,26,NA,NA
110070647,1100337372,NA,FALSE,"ESAS",5920,2,"E",NA,NA,NA,NA,NA,NA,26,NA,NA
110070647,1100337373,NA,FALSE,"ESAS",5910,2,"E",NA,NA,NA,NA,NA,NA,26,NA,NA
110070647,1100337374,NA,FALSE,"ESAS",5910,3,"F",NA,NA,NA,NA,NA,NA,26,NA,NA
110070647,1100337375,NA,FALSE,"ESAS",710,1,"E","4",NA,NA,NA,NA,NA,26,NA,NA
110070647,1100337376,NA,FALSE,"ESAS",5920,2,"F",NA,NA,NA,NA,NA,NA,26,NA,NA
110070648,1100337377,NA,TRUE,"ESAS",5910,2,"F",NA,NA,NA,NA,NA,NA,26,NA,NA
110070648,1100337378,NA,TRUE,"ESAS",5920,1,"D","I",NA,NA,NA,NA,NA,26,NA,NA
110070648,1100337379,NA,FALSE,"ESAS",5910,7,"E",NA,NA,NA,NA,NA,NA,26,NA,NA
110070648,1100337380,NA,FALSE,"ESAS",5920,1,"E",NA,NA,NA,NA,NA,NA,26,NA,NA
110070648,1100337381,NA,FALSE,"ESAS",5910,10,"E",NA,NA,NA,NA,NA,NA,26,NA,NA
110070649,1100337382,NA,TRUE,"ESAS",710,1,"F","A",NA,NA,NA,NA,NA,NA,NA,NA
110070649,1100337383,NA,FALSE,"ESAS",5910,1,"F","4",NA,NA,NA,NA,NA,NA,NA,NA
110070649,1100337384,NA,FALSE,"ESAS",5910,1,"F","A",NA,NA,NA,NA,NA,NA,NA,NA
110070649,1100337385,NA,TRUE,"ESAS",5900,1,"C","A",NA,NA,NA,NA,NA,NA,NA,NA
110070649,1100337386,NA,FALSE,"ESAS",6340,1,"E",NA,NA,NA,NA,NA,NA,NA,NA,NA
110070650,1100337387,46,FALSE,"ESAS",5910,3,"F","A",NA,NA,NA,NA,NA,NA,NA,NA
110070650,1100337388,46,FALSE,"ESAS",5920,1,"F","2",NA,NA,NA,NA,NA,NA,NA,NA
110070650,1100337389,47,FALSE,"ESAS",5910,45,"E",NA,NA,NA,NA,NA,NA,NA,NA,NA
110070650,1100337390,47,FALSE,"ESAS",5920,45,"E",NA,NA,NA,NA,NA,NA,NA,NA,NA
110070650,1100337391,NA,FALSE,"ESAS",5910,1,"F","3",NA,NA,NA,NA,NA,NA,NA,NA
110070650,1100337392,NA,FALSE,"ESAS",710,1,"E",NA,NA,NA,NA,NA,NA,NA,NA,NA
110070650,1100337393,NA,TRUE,"ESAS",710,1,"C","A",NA,NA,NA,NA,NA,NA,NA,NA
110070650,1100337394,NA,FALSE,"ESAS",710,4,"F",NA,NA,NA,NA,NA,NA,NA,NA,NA
110070650,1100337395,NA,FALSE,"ESAS",710,3,"E",NA,NA,NA,NA,NA,NA,NA,NA,NA
110070651,1100337396,NA,FALSE,"ESAS",6340,2,"E",NA,NA,NA,NA,NA,NA,NA,NA,NA
110070652,1100337397,NA,FALSE,"ESAS",5900,1,"F","A",NA,NA,NA,NA,NA,NA,NA,NA
110070652,1100337398,NA,FALSE,"ESAS",5920,1,"F","2",NA,NA,NA,NA,NA,NA,NA,NA
110070652,1100337399,NA,TRUE,"ESAS",5910,1,"F","A",NA,NA,NA,NA,NA,NA,NA,NA
110070652,1100337400,NA,FALSE,"ESAS",5920,1,"F","3",NA,NA,NA,NA,NA,NA,NA,NA
110070653,1100337401,NA,FALSE,"ESAS",710,12,"E",NA,NA,NA,NA,NA,NA,NA,NA,"spread across wide area up to 3 km away"
110070653,1100337402,NA,FALSE,"ESAS",5910,1,"F","3",NA,NA,NA,NA,NA,NA,NA,NA
110070653,1100337403,NA,TRUE,"ESAS",710,1,"C","A",NA,NA,NA,NA,NA,NA,NA,NA
110070654,1100337404,NA,FALSE,"ESAS",710,2,"F","A",NA,NA,NA,NA,NA,NA,NA,NA
110070654,1100337405,NA,TRUE,"ESAS",710,2,"D","A",NA,NA,NA,NA,NA,NA,NA,NA
110070654,1100337406,NA,TRUE,"ESAS",710,2,"C","A",NA,NA,NA,NA,NA,NA,NA,NA
110070654,1100337407,NA,FALSE,"ESAS",710,1,"F","A",NA,NA,NA,NA,NA,NA,NA,NA
110070655,1100337408,NA,FALSE,"ESAS",710,3,"E","A",NA,NA,NA,NA,NA,NA,NA,NA
110070655,1100337409,NA,FALSE,"ESAS",710,30,"E",NA,NA,NA,NA,NA,NA,NA,NA,"spread across wide area up to 5 km away"
110070655,1100337410,NA,FALSE,"ESAS",710,2,"E",NA,NA,NA,NA,NA,NA,NA,NA,NA
110070657,1100337411,NA,FALSE,"ESAS",710,10,"E",NA,NA,NA,NA,NA,NA,NA,NA,NA
110070658,1100337412,NA,FALSE,"ESAS",710,1,"F","A",NA,NA,NA,NA,NA,NA,NA,NA
110070658,1100337413,NA,FALSE,"ESAS",5900,1,"F","3",NA,NA,NA,NA,NA,NA,NA,NA
110070659,1100337414,48,FALSE,"ESAS",5910,1,"E","A",NA,NA,NA,NA,NA,NA,NA,NA
110070659,1100337415,48,FALSE,"ESAS",5910,1,"E","3",NA,NA,NA,NA,NA,NA,NA,NA
110070659,1100337416,NA,FALSE,"ESAS",710,2,"E","A",NA,NA,NA,NA,NA,NA,NA,NA
110070659,1100337417,NA,FALSE,"ESAS",710,3,"E",NA,NA,NA,NA,NA,NA,NA,NA,NA
110070659,1100337418,NA,FALSE,"ESAS",6345,3,"E",NA,NA,NA,NA,NA,NA,NA,NA,NA
110070660,1100337419,NA,TRUE,"ESAS",6340,1,"D",NA,NA,"W",NA,NA,NA,NA,NA,NA
110070660,1100337420,NA,TRUE,"ESAS",5920,1,"D","2",NA,NA,NA,NA,NA,NA,NA,NA
110070661,1100337421,NA,TRUE,"ESAS",6000,1,"F","I",NA,NA,NA,NA,NA,NA,NA,NA
110070661,1100337422,NA,FALSE,"ESAS",710,12,"E",NA,NA,NA,NA,NA,NA,NA,NA,NA
110070661,1100337423,NA,TRUE,"ESAS",6340,1,"C",NA,NA,"B",NA,NA,NA,NA,NA,NA
110070661,1100337424,NA,FALSE,"ESAS",710,1,"F","4",NA,NA,NA,NA,NA,NA,NA,NA
110070662,1100337425,49,TRUE,"ESAS",6340,1,"C",NA,NA,"T",NA,NA,NA,NA,NA,NA
110070662,1100337426,49,TRUE,"ESAS",6340,3,"C",NA,NA,"W",NA,NA,NA,NA,NA,NA
110070662,1100337427,NA,FALSE,"ESAS",710,1,"E","A",NA,NA,NA,NA,NA,NA,"45",NA
110070663,1100337429,NA,FALSE,"ESAS",710,4,"E",NA,NA,NA,NA,NA,NA,NA,NA,NA
110070663,1100337430,NA,TRUE,"ESAS",6340,1,"C",NA,NA,"W",NA,NA,NA,NA,NA,NA
110070663,1100337431,NA,FALSE,"ESAS",5910,1,"F","A",NA,NA,NA,NA,NA,NA,NA,NA
110070664,1100337432,NA,FALSE,"ESAS",710,1,"F","4",NA,NA,NA,NA,NA,NA,NA,NA
110070664,1100337433,NA,FALSE,"ESAS",710,1,"F","A",NA,NA,NA,NA,NA,NA,NA,NA
110070664,1100337434,NA,FALSE,"ESAS",63510,1,"E",NA,NA,NA,NA,NA,NA,NA,NA,"270° 1KM"
110070664,1100337435,NA,FALSE,"ESAS",5900,1,"F","A",NA,NA,NA,NA,NA,NA,NA,NA
110070666,1100337436,NA,FALSE,"ESAS",5910,1,"F","2",NA,NA,NA,NA,NA,NA,NA,NA
110070666,1100337437,NA,FALSE,"ESAS",5900,1,"F","2",NA,NA,NA,NA,NA,NA,NA,NA
110070666,1100337438,NA,FALSE,"ESAS",5910,1,"F","A",NA,NA,NA,NA,NA,NA,NA,NA
110070666,1100337439,NA,TRUE,"ESAS",5900,1,"F","2",NA,NA,NA,NA,NA,NA,NA,NA
110070668,1100337440,NA,TRUE,"ESAS",63510,1,"A",NA,NA,NA,NA,NA,NA,NA,NA,NA
110070669,1100337441,50,TRUE,"ESAS",5920,1,"F","4",NA,NA,NA,NA,NA,NA,NA,NA
110070669,1100337442,50,TRUE,"ESAS",5910,1,"F","A",NA,NA,NA,NA,NA,NA,NA,NA
110070669,1100337443,NA,FALSE,"ESAS",2130,15,"F",NA,NA,NA,NA,NA,NA,NA,NA,NA
110070671,1100337444,NA,FALSE,"ESAS",5910,1,"F",NA,NA,NA,NA,NA,NA,NA,NA,NA
110070671,1100337445,NA,FALSE,"ESAS",5900,1,"F",NA,NA,NA,NA,NA,NA,NA,NA,NA
110070671,1100337446,NA,FALSE,"ESAS",5920,1,"F","2",NA,NA,NA,NA,NA,NA,NA,NA
110070671,1100337447,NA,TRUE,"ESAS",63510,4,"D",NA,NA,NA,NA,NA,NA,NA,NA,NA
110070671,1100337448,NA,FALSE,"ESAS",5900,1,"F","2",NA,NA,NA,NA,NA,NA,NA,NA
110070672,1100337449,NA,FALSE,"ESAS",5900,1,"F","A",NA,NA,NA,NA,NA,NA,NA,NA
110070672,1100337450,NA,FALSE,"ESAS",5900,1,"F","3",NA,NA,NA,NA,NA,NA,NA,NA
110070672,1100337451,NA,FALSE,"ESAS",5910,1,"F","A",NA,NA,NA,NA,NA,NA,NA,NA
110070673,1100337452,NA,TRUE,"ESAS",710,2,"C","A",NA,NA,NA,NA,NA,NA,"94",NA
110070673,1100337453,NA,TRUE,"ESAS",710,1,"C","A",NA,NA,NA,NA,NA,NA,NA,NA
110070675,1100337454,NA,TRUE,"ESAS",6340,1,"A",NA,NA,"W",NA,NA,NA,NA,NA,NA
110070675,1100337455,NA,FALSE,"ESAS",6340,1,"E",NA,NA,"W",NA,NA,NA,NA,NA,NA
110070675,1100337456,NA,TRUE,"ESAS",5900,1,"F","2",NA,NA,NA,NA,NA,NA,NA,NA
110070676,1100337457,NA,TRUE,"ESAS",6340,1,"A",NA,NA,"W",NA,NA,NA,NA,NA,NA
110070676,1100337458,NA,FALSE,"ESAS",6340,5,"E",NA,NA,NA,NA,NA,NA,NA,NA,NA
110070676,1100337459,NA,FALSE,"ESAS",5900,1,"F","3",NA,NA,NA,NA,NA,NA,NA,NA
110070676,1100337460,NA,FALSE,"ESAS",5900,1,"F","2",NA,NA,NA,NA,NA,NA,NA,NA
110070678,1100337461,NA,FALSE,"ESAS",5900,1,"F","2",NA,NA,NA,NA,NA,NA,NA,NA
110070678,1100337462,NA,TRUE,"ESAS",5910,2,"F","A",NA,NA,NA,NA,NA,NA,NA,NA
110070679,1100337463,NA,TRUE,"ESAS",5900,1,"C","A",NA,NA,NA,NA,NA,NA,NA,NA
110070679,1100337464,NA,TRUE,"ESAS",6340,1,"D",NA,NA,"B",NA,NA,NA,NA,NA,NA
110070680,1100337465,51,FALSE,"ESAS",5900,11,"A",NA,NA,NA,NA,NA,NA,NA,NA,NA
110070680,1100337466,51,FALSE,"ESAS",5910,1,"A","3",NA,NA,NA,NA,NA,NA,NA,NA
110070680,1100337467,51,TRUE,"ESAS",5900,2,"A","2",NA,NA,NA,NA,NA,NA,NA,NA
110070680,1100337468,52,TRUE,"ESAS",5910,1,"C","3",NA,NA,NA,NA,NA,NA,NA,NA
110070680,1100337469,52,TRUE,"ESAS",5900,1,"C","A",NA,NA,NA,NA,NA,NA,NA,NA
110070680,1100337470,52,TRUE,"ESAS",6360,2,"C",NA,NA,"W",NA,NA,NA,NA,NA,NA
110070680,1100337471,52,TRUE,"ESAS",6360,1,"C",NA,NA,"B",NA,NA,NA,NA,NA,NA
110070681,1100337472,NA,FALSE,"ESAS",710,1,"E","4",NA,NA,NA,NA,NA,NA,NA,NA
110070682,1100337473,53,FALSE,"ESAS",6360,3,"B",NA,NA,NA,NA,NA,NA,NA,NA,NA
110070682,1100337474,53,FALSE,"ESAS",710,3,"B",NA,NA,NA,NA,NA,NA,NA,NA,NA
110070682,1100337475,53,FALSE,"ESAS",5900,6,"B",NA,NA,NA,NA,NA,NA,NA,NA,NA
110070682,1100337476,NA,TRUE,"ESAS",5900,1,"B","2",NA,NA,NA,NA,NA,NA,"94",NA
110070682,1100337477,NA,TRUE,"ESAS",5910,1,"F","A",NA,NA,NA,NA,NA,NA,NA,NA
110070687,1100337478,NA,FALSE,"ESAS",5910,1,"F","A",NA,NA,NA,NA,NA,NA,NA,NA
110070687,1100337479,NA,FALSE,"ESAS",5920,1,"F","2",NA,NA,NA,NA,NA,NA,NA,NA
110070688,1100337480,NA,TRUE,"ESAS",710,1,"A","A",NA,NA,NA,NA,NA,NA,NA,NA
110070689,1100337481,NA,FALSE,"ESAS",5910,1,"F","3",NA,NA,NA,NA,NA,NA,NA,NA
110070689,1100337482,NA,FALSE,"ESAS",6340,1,"E",NA,NA,"B",NA,NA,NA,NA,NA,NA
110070690,1100337483,54,TRUE,"ESAS",6360,1,"A",NA,NA,NA,NA,NA,NA,NA,NA,NA
110070690,1100337484,54,TRUE,"ESAS",5900,1,"F","A",NA,NA,NA,NA,NA,NA,"49",NA
110070690,1100337485,NA,FALSE,"ESAS",6340,1,"E",NA,NA,"B",NA,NA,NA,NA,NA,NA
110070690,1100337486,NA,FALSE,"ESAS",710,1,"F","A",NA,NA,NA,NA,NA,NA,NA,NA
110070691,1100337487,55,TRUE,"ESAS",6340,3,"C",NA,NA,NA,NA,NA,NA,NA,NA,NA
110070691,1100337488,55,TRUE,"ESAS",6360,2,"C",NA,NA,NA,NA,NA,NA,NA,NA,NA
110070691,1100337489,55,TRUE,"ESAS",5900,1,"C",NA,NA,NA,NA,NA,NA,NA,NA,NA
110070691,1100337490,NA,TRUE,"ESAS",5900,1,"B",NA,NA,NA,NA,NA,NA,NA,NA,NA
110070691,1100337491,NA,FALSE,"ESAS",6340,1,"E",NA,NA,"T",NA,NA,NA,NA,NA,NA
110070692,1100337492,56,TRUE,"ESAS",5920,1,"B","4",NA,NA,NA,NA,NA,NA,NA,NA
110070692,1100337493,56,TRUE,"ESAS",6340,2,"B",NA,NA,"W",NA,NA,NA,NA,NA,NA
110070692,1100337494,NA,TRUE,"ESAS",64310,1,"C",NA,NA,NA,NA,NA,NA,NA,NA,NA
110070693,1100337495,NA,TRUE,"ESAS",5900,1,"F","A",NA,NA,NA,NA,NA,NA,NA,NA
110070693,1100337496,NA,FALSE,"ESAS",5900,1,"F","2",NA,NA,NA,NA,NA,NA,NA,NA
110070694,1100337497,NA,FALSE,"ESAS",6000,1,"F","I",NA,NA,NA,NA,NA,NA,NA,NA
110070694,1100337498,NA,TRUE,"ESAS",5910,1,"F","A",NA,NA,NA,NA,NA,NA,NA,NA
110070694,1100337499,NA,FALSE,"ESAS",5910,1,"F","A",NA,NA,NA,NA,NA,NA,NA,NA
110070695,1100337500,NA,TRUE,"ESAS",63510,1,"C",NA,NA,NA,NA,NA,NA,NA,NA,NA
110070696,1100337501,57,TRUE,"ESAS",5900,1,"F","A",NA,NA,NA,NA,NA,NA,NA,NA
110070696,1100337502,57,TRUE,"ESAS",5900,1,"F","2",NA,NA,NA,NA,NA,NA,NA,NA
110070696,1100337503,NA,FALSE,"ESAS",5900,1,"A",NA,NA,NA,NA,NA,NA,NA,NA,NA
110070697,1100337504,NA,TRUE,"ESAS",40,1,"D",NA,NA,NA,NA,NA,NA,NA,"30","FIGHTING WITH A FLATFISH"
110070698,1100337505,NA,TRUE,"ESAS",5910,1,"B","A",NA,NA,NA,NA,NA,NA,"94",NA
110070700,1100337506,NA,FALSE,"ESAS",5900,2,"E",NA,NA,NA,NA,NA,NA,NA,"44",NA
110070700,1100337507,NA,FALSE,"ESAS",710,2,"E","A",NA,NA,NA,NA,NA,NA,NA,NA
110070701,1100337508,58,TRUE,"ESAS",5920,2,"C","2",NA,NA,NA,NA,NA,NA,NA,NA
110070701,1100337509,58,TRUE,"ESAS",5910,1,"C","A",NA,NA,NA,NA,NA,NA,NA,NA
110070701,1100337510,NA,TRUE,"ESAS",5900,1,"D",NA,NA,NA,NA,NA,NA,NA,NA,NA
110070701,1100337511,NA,TRUE,"ESAS",5920,1,"A","2",NA,NA,NA,NA,NA,NA,NA,NA
110070702,1100337512,NA,TRUE,"ESAS",5900,1,"F","2",NA,NA,NA,NA,NA,NA,NA,NA
110070702,1100337513,NA,TRUE,"ESAS",5910,1,"F","A",NA,NA,NA,NA,NA,NA,NA,NA
110070702,1100337514,NA,TRUE,"ESAS",5910,1,"C","A",NA,NA,NA,NA,NA,NA,NA,NA
110070703,1100337515,NA,TRUE,"ESAS",5910,1,"A","A",NA,NA,NA,NA,NA,NA,NA,NA
110070703,1100337516,NA,TRUE,"ESAS",5920,2,"B","3",NA,NA,NA,NA,NA,NA,NA,NA
110070704,1100337517,59,TRUE,"ESAS",5910,1,"B","A",NA,NA,NA,NA,NA,NA,NA,NA
110070704,1100337518,59,TRUE,"ESAS",710,1,"B","4",NA,NA,NA,NA,24,NA,"90~30",NA
110070704,1100337519,59,TRUE,"ESAS",5900,1,"B","3",NA,NA,NA,NA,NA,NA,NA,NA
110070704,1100337520,59,TRUE,"ESAS",5920,1,"B","2",NA,NA,NA,NA,24,NA,"68~30",NA
110070704,1100337521,NA,TRUE,"ESAS",5910,1,"A","2",NA,NA,NA,NA,NA,NA,NA,NA
110070704,1100337522,NA,FALSE,"ESAS",710,1,"E",NA,NA,NA,NA,NA,NA,NA,NA,NA
110070705,1100337523,NA,TRUE,"ESAS",5910,4,"D","A",NA,NA,NA,NA,NA,NA,NA,NA
110070708,1100337524,NA,TRUE,"ESAS",6340,1,"B",NA,NA,"W",NA,NA,NA,NA,NA,NA
110070708,1100337525,NA,TRUE,"ESAS",5900,3,"A","2",NA,NA,NA,NA,NA,NA,NA,NA
110070708,1100337526,NA,TRUE,"ESAS",6340,3,"B",NA,NA,"W",NA,NA,NA,NA,NA,NA
110070708,1100337527,NA,FALSE,"ESAS",710,1,"E","A",NA,NA,NA,NA,NA,NA,NA,NA
110070708,1100337528,NA,FALSE,"ESAS",6340,1,"E",NA,NA,NA,NA,NA,NA,NA,NA,NA
110070710,1100337529,NA,TRUE,"ESAS",6340,1,"C",NA,NA,"W",NA,NA,NA,NA,NA,NA
110070710,1100337530,NA,FALSE,"ESAS",59,1,"E",NA,NA,NA,NA,NA,NA,NA,"94",NA
110070711,1100337531,NA,FALSE,"ESAS",6345,3,"E",NA,NA,NA,NA,NA,NA,NA,NA,NA
110070711,1100337532,NA,TRUE,"ESAS",6340,4,"C",NA,NA,"W",NA,NA,NA,NA,NA,NA
110070711,1100337533,NA,FALSE,"ESAS",5900,1,"F",NA,NA,NA,NA,NA,NA,NA,"49",NA
110070712,1100337534,NA,FALSE,"ESAS",6345,3,"E",NA,NA,NA,NA,NA,NA,NA,NA,NA
110070713,1100337535,60,TRUE,"ESAS",6360,4,"D",NA,NA,NA,NA,NA,NA,NA,"48",NA
110070713,1100337536,60,TRUE,"ESAS",6340,1,"D",NA,NA,NA,NA,NA,NA,NA,"48",NA
110070713,1100337537,61,TRUE,"ESAS",6340,1,"B",NA,NA,"W",NA,NA,NA,NA,NA,NA
110070713,1100337538,61,TRUE,"ESAS",6340,2,"B",NA,NA,"B",NA,NA,NA,NA,NA,NA
110070713,1100337539,61,TRUE,"ESAS",5910,1,"B","A",NA,NA,NA,NA,NA,NA,NA,NA
110070713,1100337540,NA,FALSE,"ESAS",6345,6,"E",NA,NA,NA,NA,NA,NA,NA,NA,NA
110070713,1100337541,NA,FALSE,"ESAS",6345,8,"E",NA,NA,NA,NA,NA,NA,NA,NA,NA
110070714,1100337542,62,TRUE,"ESAS",6340,9,"C",NA,NA,NA,NA,NA,NA,NA,NA,NA
110070714,1100337543,62,TRUE,"ESAS",5900,1,"C","A",NA,NA,NA,NA,NA,NA,NA,NA
110070714,1100337544,NA,FALSE,"ESAS",6340,10,"A",NA,NA,NA,NA,NA,NA,NA,NA,NA
110070715,1100337545,NA,FALSE,"ESAS",6345,8,"E",NA,NA,NA,NA,NA,NA,NA,NA,NA
110070716,1100337546,63,TRUE,"ESAS",6340,1,"C",NA,NA,"B",NA,NA,NA,NA,NA,NA
110070716,1100337547,63,TRUE,"ESAS",6340,7,"C",NA,NA,"W",NA,NA,NA,NA,NA,NA
110070716,1100337548,64,TRUE,"ESAS",6340,6,"C",NA,NA,"W",NA,NA,NA,NA,NA,NA
110070716,1100337549,64,TRUE,"ESAS",6340,1,"C",NA,NA,"B",NA,NA,NA,NA,NA,NA
110070716,1100337550,NA,TRUE,"ESAS",6340,1,"D",NA,NA,"B",NA,NA,NA,NA,NA,NA
110070717,1100337551,65,TRUE,"ESAS",6360,3,"C",NA,NA,NA,NA,NA,NA,NA,NA,NA
110070717,1100337552,65,TRUE,"ESAS",6340,2,"C",NA,NA,NA,NA,NA,NA,NA,NA,NA
110070717,1100337553,NA,FALSE,"ESAS",5900,1,"F","A",NA,NA,NA,NA,NA,NA,NA,NA
110070717,1100337554,NA,TRUE,"ESAS",710,1,"B","A",NA,NA,NA,NA,NA,NA,NA,NA
110070717,1100337555,NA,TRUE,"ESAS",710,1,"D","A",NA,NA,NA,NA,NA,NA,NA,NA
110070718,1100337556,66,TRUE,"ESAS",6340,1,"A",NA,NA,NA,NA,NA,NA,NA,NA,NA
110070718,1100337557,66,TRUE,"ESAS",6360,4,"A",NA,NA,NA,NA,NA,NA,NA,NA,NA
110070718,1100337558,NA,FALSE,"ESAS",6340,8,"A",NA,NA,NA,NA,NA,NA,NA,NA,NA
110070719,1100337559,67,FALSE,"ESAS",6340,5,"B",NA,NA,NA,NA,NA,NA,NA,NA,NA
110070719,1100337560,67,FALSE,"ESAS",6360,4,"B",NA,NA,NA,NA,NA,NA,NA,NA,NA
110070719,1100337561,NA,FALSE,"ESAS",5900,1,"F","A",NA,NA,NA,NA,NA,NA,"49",NA
110070719,1100337562,NA,FALSE,"ESAS",63510,2,"W",NA,NA,NA,NA,NA,NA,NA,NA,NA
110070720,1100337563,NA,TRUE,"ESAS",710,1,"C","A",NA,NA,NA,NA,NA,NA,NA,NA
110070720,1100337564,NA,TRUE,"ESAS",710,1,"C","A",NA,NA,NA,NA,NA,NA,"94",NA
110070721,1100337565,NA,FALSE,"ESAS",63510,3,"A",NA,NA,NA,NA,NA,NA,NA,NA,NA
110070722,1100337566,NA,FALSE,"ESAS",6360,3,"E",NA,NA,NA,NA,NA,NA,NA,NA,NA
110070723,1100337567,NA,FALSE,"ESAS",6340,2,"E",NA,NA,NA,NA,NA,NA,NA,NA,NA
110070724,1100337568,68,TRUE,"ESAS",6340,3,"C",NA,NA,NA,NA,NA,NA,NA,NA,NA
110070724,1100337569,68,TRUE,"ESAS",5900,1,"C",NA,NA,NA,NA,NA,NA,NA,NA,NA
110070724,1100337570,68,TRUE,"ESAS",6360,9,"C",NA,NA,NA,NA,NA,NA,NA,NA,NA
110070724,1100337571,NA,TRUE,"ESAS",6340,2,"A",NA,NA,"W",NA,NA,NA,NA,NA,NA
110070724,1100337572,NA,TRUE,"ESAS",6360,2,"C",NA,NA,NA,NA,NA,NA,NA,NA,NA
110070725,1100337573,NA,TRUE,"ESAS",6340,1,"C",NA,NA,NA,NA,NA,NA,NA,NA,NA
110070725,1100337574,NA,TRUE,"ESAS",6340,1,"B",NA,NA,"W",NA,NA,NA,NA,NA,NA
110070726,1100337575,69,TRUE,"ESAS",6340,17,"D",NA,NA,NA,NA,NA,NA,NA,NA,NA
110070726,1100337576,69,TRUE,"ESAS",5900,1,"D",NA,NA,NA,NA,NA,NA,NA,NA,NA
110070726,1100337577,NA,FALSE,"ESAS",6345,14,"E",NA,NA,NA,NA,NA,NA,NA,NA,NA
110070726,1100337578,NA,TRUE,"ESAS",6340,1,"C",NA,NA,NA,NA,NA,NA,NA,NA,NA
110070727,1100337579,NA,TRUE,"ESAS",6360,1,"D",NA,NA,NA,NA,NA,NA,NA,NA,NA
110070727,1100337580,NA,FALSE,"ESAS",63510,1,"E",NA,NA,NA,NA,NA,NA,NA,NA,NA
110070727,1100337581,NA,TRUE,"ESAS",6360,4,"C",NA,NA,NA,NA,NA,NA,NA,NA,NA
110070728,1100337582,NA,FALSE,"ESAS",6340,2,"E",NA,NA,NA,NA,NA,NA,NA,NA,NA
110070730,1100337583,NA,TRUE,"ESAS",6340,1,"C",NA,NA,NA,NA,NA,NA,NA,NA,NA
110070730,1100337584,NA,TRUE,"ESAS",63510,2,"W",NA,NA,NA,NA,NA,NA,NA,NA,NA
110070731,1100337585,NA,FALSE,"ESAS",710,1,"F","A",NA,NA,NA,NA,NA,NA,NA,NA
110070732,1100337586,NA,FALSE,"ESAS",6340,2,"F",NA,NA,NA,NA,NA,NA,NA,NA,NA
110070732,1100337587,NA,FALSE,"ESAS",5920,1,"F","2",NA,NA,NA,NA,NA,NA,NA,NA
110070732,1100337588,NA,TRUE,"ESAS",710,1,"F","A",NA,NA,NA,NA,NA,NA,NA,NA
110070732,1100337589,NA,TRUE,"ESAS",710,1,"B","A",NA,NA,NA,NA,NA,NA,NA,NA
110070732,1100337590,NA,TRUE,"ESAS",710,1,"F","A",NA,NA,NA,NA,NA,NA,NA,NA
110070732,1100337591,NA,FALSE,"ESAS",710,1,"F","A",NA,NA,NA,NA,NA,NA,NA,NA
110070733,1100337592,NA,TRUE,"ESAS",5910,1,"F","A",NA,NA,NA,NA,NA,NA,NA,NA
110070733,1100337593,NA,FALSE,"ESAS",5920,1,"F","3",NA,NA,NA,NA,NA,NA,NA,NA
110070734,1100337594,1,TRUE,"ESAS",5920,1,"A","4",NA,NA,NA,NA,22,NA,"44~30",NA
110070734,1100337595,1,FALSE,"ESAS",5920,3,"F","I",NA,NA,NA,NA,NA,NA,"68",NA
110070735,1100337596,NA,FALSE,"ESAS",5910,1,"F","2",NA,NA,NA,NA,NA,NA,NA,NA
110070736,1100337597,2,TRUE,"ESAS",6340,1,"D",NA,NA,"W",NA,NA,NA,NA,NA,NA
110070736,1100337598,2,TRUE,"ESAS",6340,3,"D",NA,NA,"B",NA,NA,NA,NA,NA,NA
110070736,1100337599,3,TRUE,"ESAS",5920,1,"B","4",NA,NA,NA,NA,NA,NA,NA,NA
110070736,1100337600,3,TRUE,"ESAS",6340,1,"B",NA,NA,"W",NA,NA,NA,NA,NA,NA
110070736,1100337601,NA,TRUE,"ESAS",5910,1,"F","A",NA,NA,NA,NA,NA,NA,NA,NA
110070737,1100337602,NA,TRUE,"ESAS",6340,1,"C",NA,NA,"W",NA,NA,NA,NA,NA,NA
110070738,1100337603,NA,FALSE,"ESAS",6340,1,"F",NA,NA,NA,NA,NA,NA,NA,NA,NA
110070739,1100337604,NA,TRUE,"ESAS",6340,1,"C",NA,NA,"W",NA,NA,NA,NA,NA,NA
110070739,1100337605,NA,FALSE,"ESAS",5920,1,"F","3",NA,NA,NA,NA,NA,NA,NA,NA
110070740,1100337606,4,TRUE,"ESAS",5920,1,"F","2",NA,NA,NA,NA,NA,NA,NA,NA
110070740,1100337607,4,TRUE,"ESAS",5920,1,"F","A",NA,NA,NA,NA,NA,NA,NA,NA
110070740,1100337608,4,TRUE,"ESAS",5910,1,"F","2",NA,NA,NA,NA,NA,NA,NA,NA
110070740,1100337609,5,TRUE,"ESAS",5920,1,"C","A",NA,NA,NA,NA,NA,NA,NA,NA
110070740,1100337610,5,TRUE,"ESAS",5920,1,"C","2",NA,NA,NA,NA,NA,NA,NA,NA
110070740,1100337611,NA,TRUE,"ESAS",5910,2,"B","A",NA,NA,NA,NA,NA,NA,NA,NA
110070740,1100337612,NA,TRUE,"ESAS",6340,1,"B",NA,NA,"B",NA,NA,NA,NA,NA,NA
110070741,1100337613,6,TRUE,"ESAS",6340,1,"B",NA,NA,"W",NA,NA,NA,NA,NA,NA
110070741,1100337614,6,TRUE,"ESAS",6020,1,"B","A",NA,NA,NA,NA,NA,NA,NA,NA
110070741,1100337615,6,TRUE,"ESAS",6340,1,"B",NA,NA,"T",NA,NA,NA,NA,NA,NA
110070742,1100337616,7,TRUE,"ESAS",5920,1,"F","2",NA,NA,NA,NA,NA,NA,NA,NA
110070742,1100337617,7,TRUE,"ESAS",5920,1,"F","A",NA,NA,NA,NA,NA,NA,NA,NA
110070742,1100337618,NA,FALSE,"ESAS",5920,1,"F","2",NA,NA,NA,NA,NA,NA,NA,NA
110070742,1100337619,NA,FALSE,"ESAS",5920,1,"F","3",NA,NA,NA,NA,NA,NA,NA,NA
110070743,1100337620,NA,TRUE,"ESAS",5920,1,"F","A",NA,NA,NA,NA,NA,NA,NA,NA
110070745,1100337621,NA,TRUE,"ESAS",5920,1,"B","4",NA,NA,NA,NA,NA,NA,NA,NA
110070746,1100337622,NA,TRUE,"ESAS",5920,1,"F","3",NA,NA,NA,NA,NA,NA,NA,NA
110070746,1100337623,NA,FALSE,"ESAS",710,1,"F","A",NA,NA,NA,NA,NA,NA,NA,NA
110070746,1100337624,NA,TRUE,"ESAS",710,1,"B","A",NA,NA,NA,NA,NA,NA,NA,NA
110070747,1100337625,NA,FALSE,"ESAS",710,1,"F","A",NA,NA,NA,NA,NA,NA,NA,NA
110070748,1100337626,8,TRUE,"ESAS",5900,6,"D",NA,NA,NA,NA,NA,NA,NA,NA,NA
110070748,1100337627,8,TRUE,"ESAS",5927,1,"D","2",NA,NA,NA,NA,NA,NA,NA,NA
110070748,1100337628,8,TRUE,"ESAS",5920,3,"D",NA,NA,NA,NA,NA,NA,NA,NA,NA
110070749,1100337629,NA,TRUE,"ESAS",710,1,"F","4",NA,NA,NA,NA,NA,NA,NA,NA
110070752,1100337630,NA,TRUE,"ESAS",6340,1,"D",NA,NA,"B",NA,NA,NA,NA,NA,NA
110070753,1100337631,NA,FALSE,"ESAS",6340,1,"F",NA,NA,"W",NA,NA,NA,NA,NA,NA
110070754,1100337632,NA,FALSE,"ESAS",5910,1,"F","A",NA,NA,NA,NA,NA,NA,NA,NA
110070754,1100337633,NA,TRUE,"ESAS",5920,1,"F","2",NA,NA,NA,NA,NA,NA,NA,NA
110070761,1100337634,NA,FALSE,"ESAS",5910,1,"F","A",NA,NA,NA,NA,NA,NA,NA,NA
110070762,1100337635,NA,TRUE,"ESAS",6020,1,"F","A",NA,NA,NA,NA,NA,NA,NA,NA
110070762,1100337636,NA,FALSE,"ESAS",5900,1,"F","2",NA,NA,NA,NA,NA,NA,NA,NA
110070763,1100337637,NA,TRUE,"ESAS",710,1,"C",NA,NA,NA,NA,NA,NA,NA,"45",NA
110070763,1100337638,NA,TRUE,"ESAS",6360,1,"D",NA,NA,NA,NA,NA,NA,NA,NA,NA
110070763,1100337639,NA,TRUE,"ESAS",5920,2,"D","2",NA,NA,NA,NA,NA,NA,NA,NA
110070763,1100337640,NA,TRUE,"ESAS",6360,1,"D",NA,NA,NA,NA,NA,NA,NA,NA,NA
110070763,1100337641,NA,TRUE,"ESAS",710,1,"D","A",NA,NA,NA,NA,NA,NA,"45",NA
110070763,1100337642,NA,TRUE,"ESAS",6340,3,"D",NA,NA,NA,NA,NA,NA,NA,NA,NA
110070763,1100337643,NA,FALSE,"ESAS",6020,1,"F","A",NA,NA,NA,NA,NA,NA,NA,NA
110070764,1100337644,9,TRUE,"ESAS",5920,3,"A",NA,NA,NA,NA,NA,24,NA,"40~30",NA
110070764,1100337645,9,TRUE,"ESAS",5910,2,"A",NA,NA,NA,NA,NA,24,NA,"40~30",NA
110070764,1100337646,NA,FALSE,"ESAS",710,1,"F","A",NA,NA,NA,NA,NA,NA,NA,NA
110070765,1100337647,NA,FALSE,"ESAS",5900,1,"F","3",NA,NA,NA,NA,NA,NA,NA,NA
110070766,1100337648,NA,FALSE,"ESAS",5900,1,"F","3",NA,NA,NA,NA,NA,NA,NA,NA
110070766,1100337649,NA,TRUE,"ESAS",710,1,"F","4",NA,NA,NA,NA,NA,NA,NA,NA
110070766,1100337650,NA,TRUE,"ESAS",5910,1,"F","A",NA,NA,NA,NA,NA,NA,NA,NA
110070767,1100337651,10,TRUE,"ESAS",710,1,"C",NA,NA,NA,NA,NA,NA,NA,NA,NA
110070767,1100337652,10,TRUE,"ESAS",5900,1,"C",NA,NA,NA,NA,NA,NA,NA,NA,NA
110070767,1100337653,10,TRUE,"ESAS",5920,1,"C",NA,NA,NA,NA,NA,NA,NA,NA,NA
110070768,1100337654,NA,TRUE,"ESAS",710,1,"B","A",NA,NA,NA,NA,NA,NA,"94",NA
110070768,1100337655,NA,TRUE,"ESAS",710,1,"D","A",NA,NA,NA,NA,NA,NA,NA,NA
110070768,1100337656,NA,FALSE,"ESAS",5900,1,"F","A",NA,NA,NA,NA,NA,NA,NA,NA
110070769,1100337657,NA,TRUE,"ESAS",710,1,"D",NA,NA,NA,NA,NA,NA,NA,NA,NA
110070769,1100337658,NA,FALSE,"ESAS",5910,1,"F","A",NA,NA,NA,NA,NA,NA,NA,NA
110070770,1100337659,NA,FALSE,"ESAS",5910,1,"F","A",NA,NA,NA,NA,NA,NA,NA,NA
110070770,1100337660,NA,FALSE,"ESAS",5910,1,"F","A",NA,NA,NA,NA,NA,NA,NA,NA
110070770,1100337662,NA,TRUE,"ESAS",6340,1,"B",NA,NA,"W",NA,NA,NA,NA,NA,NA
110070771,1100337663,NA,FALSE,"ESAS",5920,1,"F","2",NA,NA,NA,NA,NA,NA,NA,NA
110070771,1100337664,NA,TRUE,"ESAS",710,3,"D",NA,NA,NA,NA,NA,NA,NA,NA,NA
110070771,1100337665,NA,FALSE,"ESAS",5920,1,"F","2",NA,NA,NA,NA,NA,NA,NA,NA
110070771,1100337666,NA,TRUE,"ESAS",6340,1,"C",NA,NA,NA,NA,NA,NA,NA,NA,NA
110070772,1100337667,NA,TRUE,"ESAS",710,1,"D",NA,NA,NA,NA,NA,NA,NA,"45",NA
110070772,1100337668,NA,TRUE,"ESAS",710,2,"F","A",NA,NA,NA,NA,NA,NA,NA,NA
110070772,1100337669,NA,TRUE,"ESAS",5910,1,"C","A",NA,NA,NA,NA,NA,NA,NA,NA
110070772,1100337670,NA,FALSE,"ESAS",59,1,"F",NA,NA,NA,NA,NA,NA,NA,NA,NA
110070772,1100337671,NA,TRUE,"ESAS",710,1,"B","A",NA,NA,NA,NA,NA,NA,NA,NA
110070772,1100337672,NA,TRUE,"ESAS",710,1,"A","A",NA,NA,NA,NA,NA,NA,NA,NA
110070773,1100337673,NA,FALSE,"ESAS",5910,1,"F","4",NA,NA,NA,NA,NA,NA,NA,NA
110070773,1100337674,NA,FALSE,"ESAS",6340,2,"F",NA,NA,NA,NA,NA,NA,NA,NA,NA
110070773,1100337675,NA,TRUE,"ESAS",5910,1,"F","A",NA,NA,NA,NA,NA,NA,NA,NA
110070774,1100337676,NA,TRUE,"ESAS",5780,6,"B","A",NA,NA,NA,NA,NA,NA,"94",NA
110070774,1100337677,NA,FALSE,"ESAS",5910,1,"F","A",NA,NA,NA,NA,NA,NA,NA,NA
110070776,1100337678,NA,TRUE,"ESAS",710,1,"B","A",NA,NA,NA,NA,NA,NA,NA,NA
110070779,1100337679,NA,FALSE,"ESAS",6340,1,"F",NA,NA,NA,NA,NA,NA,NA,NA,NA
110070781,1100337680,NA,FALSE,"ESAS",59,1,"F",NA,NA,NA,NA,NA,NA,NA,NA,NA
110070783,1100337681,NA,FALSE,"ESAS",5910,1,"F","A",NA,NA,NA,NA,NA,NA,NA,NA
110070784,1100337682,NA,FALSE,"ESAS",59,1,"F",NA,NA,NA,NA,NA,NA,NA,NA,NA
110070786,1100337683,NA,TRUE,"ESAS",20,1,"D",NA,NA,NA,NA,NA,NA,NA,"94",NA
110070787,1100337684,11,FALSE,"ESAS",5920,1,"F","4",NA,NA,NA,NA,NA,NA,NA,NA
110070787,1100337685,11,FALSE,"ESAS",5920,1,"F","3",NA,NA,NA,NA,NA,NA,NA,NA
110070788,1100337686,NA,FALSE,"ESAS",5920,1,"F","4",NA,NA,NA,NA,NA,NA,NA,NA
110070788,1100337687,NA,FALSE,"ESAS",5920,1,"F","2",NA,NA,NA,NA,NA,NA,NA,NA
110070789,1100337688,NA,FALSE,"ESAS",720,1,"F",NA,NA,NA,NA,NA,NA,NA,NA,NA
110070790,1100337689,NA,TRUE,"ESAS",6340,1,"D",NA,NA,"W",NA,NA,NA,NA,NA,NA
110070790,1100337690,NA,FALSE,"ESAS",5920,1,"F","4",NA,NA,NA,NA,NA,NA,NA,NA
110070792,1100337691,NA,FALSE,"ESAS",720,1,"F",NA,NA,NA,NA,NA,NA,NA,NA,NA
110070792,1100337692,NA,FALSE,"ESAS",6110,1,"F","A",NA,NA,NA,NA,NA,NA,NA,NA
110070793,1100337693,NA,FALSE,"ESAS",20,1,"F",NA,NA,NA,NA,NA,NA,NA,NA,NA
110070794,1100337694,NA,TRUE,"ESAS",6340,1,"B",NA,NA,"W",NA,NA,NA,NA,NA,NA
110070797,1100337695,NA,TRUE,"ESAS",6340,1,"C",NA,NA,"T",NA,NA,NA,NA,NA,NA
110070798,1100337696,NA,FALSE,"ESAS",5910,1,"F","A",NA,NA,NA,NA,NA,NA,NA,NA
110070799,1100337697,NA,FALSE,"ESAS",5910,1,"F","A",NA,NA,NA,NA,NA,NA,NA,NA
110070800,1100337698,NA,FALSE,"ESAS",6340,1,"F",NA,NA,"W",NA,NA,NA,NA,NA,NA
110070801,1100337699,NA,FALSE,"ESAS",20,1,"F",NA,NA,NA,NA,NA,NA,NA,NA,NA
110070801,1100337700,NA,FALSE,"ESAS",5920,1,"F","2",NA,NA,NA,NA,NA,NA,NA,NA
110070803,1100337701,NA,FALSE,"ESAS",5910,1,"F","A",NA,NA,NA,NA,NA,NA,NA,NA
110070803,1100337702,NA,FALSE,"ESAS",2130,10,"E",NA,NA,NA,NA,NA,NA,NA,NA,NA
110070807,1100337703,NA,FALSE,"ESAS",720,1,"F",NA,NA,NA,NA,NA,NA,NA,NA,NA
110070807,1100337704,NA,FALSE,"ESAS",5920,1,"F","3",NA,NA,NA,NA,NA,NA,NA,NA
110070807,1100337705,NA,FALSE,"ESAS",710,1,"F","A",NA,NA,NA,NA,NA,NA,NA,NA
110070809,1100337706,NA,TRUE,"ESAS",100,1,"C","A",NA,"B",NA,NA,NA,NA,NA,NA
110070809,1100337707,NA,FALSE,"ESAS",5920,1,"F","4",NA,NA,NA,NA,NA,NA,NA,NA
110070810,1100337708,NA,TRUE,"ESAS",20,1,"C",NA,NA,NA,NA,NA,NA,NA,"94",NA
110070811,1100337709,NA,FALSE,"ESAS",6360,1,"F",NA,NA,NA,NA,NA,NA,NA,NA,NA
110070811,1100337710,NA,TRUE,"ESAS",5910,1,"D","A",NA,NA,NA,NA,NA,NA,NA,NA
110070812,1100337711,NA,FALSE,"ESAS",720,1,"F","A",NA,"B",NA,NA,NA,NA,NA,NA
110070812,1100337712,NA,FALSE,"ESAS",5920,1,"F","4",NA,NA,NA,NA,NA,NA,NA,NA
110070813,1100337713,NA,FALSE,"ESAS",720,1,"F",NA,NA,NA,NA,NA,NA,NA,NA,NA
110070813,1100337714,NA,FALSE,"ESAS",720,1,"F",NA,NA,NA,NA,NA,NA,NA,NA,NA
110070814,1100337715,NA,FALSE,"ESAS",720,2,"E",NA,NA,NA,NA,NA,NA,22,NA,NA
110070814,1100337716,NA,TRUE,"ESAS",5920,1,"F","2",NA,NA,NA,NA,NA,NA,NA,NA
110070814,1100337717,NA,FALSE,"ESAS",2130,7,"F",NA,NA,NA,NA,NA,NA,NA,NA,NA
110070816,1100337718,12,TRUE,"ESAS",2130,5,"C",NA,NA,NA,"M",NA,NA,NA,"94",NA
110070816,1100337719,12,TRUE,"ESAS",2130,1,"C",NA,NA,NA,"F",NA,NA,NA,"94",NA
110070816,1100337720,NA,TRUE,"ESAS",6360,1,"C",NA,NA,"W",NA,NA,NA,NA,NA,NA
110070817,1100337721,NA,FALSE,"ESAS",5900,1,"F","2",NA,NA,NA,NA,NA,NA,NA,NA
110070817,1100337722,NA,TRUE,"ESAS",6340,1,"B",NA,NA,"W",NA,NA,NA,NA,NA,NA
110070818,1100337723,NA,TRUE,"ESAS",720,4,"D",NA,NA,NA,NA,NA,NA,NA,NA,NA
110070818,1100337724,NA,FALSE,"ESAS",720,1,"F",NA,NA,NA,NA,NA,NA,NA,NA,NA
110070818,1100337725,NA,TRUE,"ESAS",5910,1,"F","A",NA,NA,NA,NA,NA,NA,NA,NA
110070818,1100337726,NA,FALSE,"ESAS",2130,2,"F",NA,NA,NA,NA,NA,NA,NA,NA,NA
110070820,1100337727,13,TRUE,"ESAS",5920,1,"F","A",NA,NA,NA,NA,NA,NA,NA,NA
110070820,1100337728,13,TRUE,"ESAS",5920,2,"F","2",NA,NA,NA,NA,NA,NA,NA,NA
110070821,1100337729,NA,TRUE,"ESAS",5920,1,"F","2",NA,NA,NA,NA,NA,NA,NA,NA
110070823,1100337730,NA,TRUE,"ESAS",20,1,"B","A",NA,NA,NA,NA,NA,NA,"94",NA
110070824,1100337731,14,TRUE,"ESAS",5920,2,"F","2",NA,NA,NA,NA,NA,NA,NA,NA
110070824,1100337732,14,TRUE,"ESAS",5920,1,"F","5",NA,NA,NA,NA,NA,NA,NA,NA
110070824,1100337733,NA,FALSE,"ESAS",5910,1,"F","A",NA,NA,NA,NA,NA,NA,NA,NA
110070825,1100337734,NA,FALSE,"ESAS",5910,1,"F","A",NA,NA,NA,NA,NA,NA,NA,NA
110070826,1100337735,NA,FALSE,"ESAS",2130,8,"F",NA,NA,NA,NA,NA,NA,NA,NA,NA
110070827,1100337736,NA,FALSE,"ESAS",20,1,"A",NA,NA,NA,NA,NA,NA,NA,"94",NA
110070827,1100337737,NA,FALSE,"ESAS",5900,1,"F","A",NA,NA,NA,NA,NA,NA,NA,NA
110070827,1100337738,NA,FALSE,"ESAS",5910,5,"F","A",NA,NA,NA,NA,NA,NA,NA,NA
110070827,1100337739,NA,TRUE,"ESAS",20,1,"A",NA,NA,NA,NA,NA,NA,NA,"94",NA
110070827,1100337740,NA,TRUE,"ESAS",20,1,"W",NA,NA,NA,NA,NA,NA,NA,"94",NA
110070828,1100337741,NA,FALSE,"ESAS",710,5,"E",NA,NA,NA,NA,NA,NA,NA,NA,NA
110070828,1100337742,NA,TRUE,"ESAS",6360,3,"C",NA,NA,NA,NA,NA,NA,NA,"93",NA
110070830,1100337743,NA,FALSE,"ESAS",5920,1,"F","A",NA,NA,NA,NA,NA,NA,NA,NA
110070830,1100337744,NA,FALSE,"ESAS",5910,1,"F","A",NA,NA,NA,NA,NA,NA,NA,NA
110070831,1100337745,NA,FALSE,"ESAS",5920,1,"F","2",NA,NA,NA,NA,NA,NA,NA,NA
110070833,1100337746,NA,TRUE,"ESAS",6340,1,"B",NA,NA,"W",NA,NA,NA,NA,NA,NA
110070834,1100337747,NA,FALSE,"ESAS",710,2,"E",NA,NA,NA,NA,NA,NA,NA,NA,NA
110070834,1100337748,NA,FALSE,"ESAS",5910,1,"F","A",NA,NA,NA,NA,NA,NA,NA,NA
110070836,1100337749,15,TRUE,"ESAS",5920,3,"F","3",NA,NA,NA,NA,NA,NA,NA,NA
110070836,1100337750,15,TRUE,"ESAS",5920,1,"F","4",NA,NA,NA,NA,NA,NA,NA,NA
110070836,1100337751,16,TRUE,"ESAS",5920,1,"C","3",NA,NA,NA,NA,NA,NA,NA,NA
110070836,1100337752,16,TRUE,"ESAS",5920,1,"C","2",NA,NA,NA,NA,NA,NA,NA,NA
110070836,1100337753,16,TRUE,"ESAS",5910,3,"C","A",NA,NA,NA,NA,NA,NA,NA,NA
110070836,1100337754,NA,FALSE,"ESAS",5920,1,"F","4",NA,NA,NA,NA,NA,NA,NA,NA
110070837,1100337756,NA,FALSE,"ESAS",6000,1,"F","I",NA,NA,NA,NA,NA,NA,NA,NA
110070838,1100337757,NA,FALSE,"ESAS",6110,1,"F","A",NA,NA,NA,NA,NA,NA,NA,NA
110070838,1100337758,NA,TRUE,"ESAS",5900,1,"F","2",NA,NA,NA,NA,NA,NA,NA,NA
110070838,1100337759,NA,FALSE,"ESAS",5910,1,"F","3",NA,NA,NA,NA,NA,NA,NA,NA
110070840,1100337760,NA,TRUE,"ESAS",5920,1,"F","2",NA,NA,NA,NA,NA,NA,NA,NA
110070841,1100337761,17,FALSE,"ESAS",5920,4,"F","I",NA,NA,NA,NA,NA,NA,NA,NA
110070841,1100337762,17,FALSE,"ESAS",6000,1,"F","I",NA,NA,NA,NA,NA,NA,NA,NA
110070841,1100337763,NA,FALSE,"ESAS",5910,1,"F","A",NA,NA,NA,NA,NA,NA,NA,NA
110070841,1100337764,NA,FALSE,"ESAS",15820,1,"F",NA,NA,NA,NA,NA,NA,18,NA,NA
110070843,1100337765,18,FALSE,"ESAS",5920,1,"F","A",NA,NA,NA,NA,NA,NA,NA,NA
110070843,1100337766,18,FALSE,"ESAS",5920,1,"F","2",NA,NA,NA,NA,NA,NA,NA,NA
110070843,1100337767,NA,FALSE,"ESAS",5920,1,"F","2",NA,NA,NA,NA,NA,NA,NA,NA
110070843,1100337768,NA,FALSE,"ESAS",5900,1,"F","3",NA,NA,NA,NA,NA,NA,NA,NA
110070843,1100337769,NA,FALSE,"ESAS",5910,1,"F","A",NA,NA,NA,NA,NA,NA,NA,NA
110070845,1100337770,NA,FALSE,"ESAS",5920,1,"F","3",NA,NA,NA,NA,NA,NA,NA,NA
110070847,1100337771,NA,TRUE,"ESAS",20,1,"A",NA,NA,NA,NA,NA,NA,NA,"94",NA
110070848,1100337772,NA,FALSE,"ESAS",5920,1,"F","4",NA,NA,NA,NA,NA,NA,NA,NA
110070849,1100337773,NA,FALSE,"ESAS",5920,2,"F","2",NA,NA,NA,NA,NA,NA,NA,NA
110070850,1100337774,NA,FALSE,"ESAS",5900,1,"F","3",NA,NA,NA,NA,NA,NA,NA,NA
110070852,1100337775,NA,FALSE,"ESAS",5920,1,"F","2",NA,NA,NA,NA,NA,NA,NA,NA
110070856,1100337776,NA,FALSE,"ESAS",5910,1,"F","A",NA,NA,NA,NA,NA,NA,NA,NA
110070858,1100337777,NA,FALSE,"ESAS",5910,1,"F","A",NA,NA,NA,NA,NA,NA,NA,NA
110070859,1100337778,NA,FALSE,"ESAS",5910,1,"F","A",NA,NA,NA,NA,NA,NA,NA,NA
110070859,1100337779,NA,FALSE,"ESAS",5910,1,"F","3",NA,NA,NA,NA,NA,NA,NA,NA
110070860,1100337780,19,TRUE,"ESAS",2130,1,"F",NA,NA,NA,"M",NA,NA,NA,NA,NA
110070860,1100337781,19,TRUE,"ESAS",2130,1,"F",NA,NA,NA,"F",NA,NA,NA,NA,NA
110070860,1100337782,20,FALSE,"ESAS",2130,2,"F",NA,NA,NA,"M",NA,NA,NA,NA,NA
110070860,1100337783,20,FALSE,"ESAS",2130,1,"F",NA,NA,NA,"F",NA,NA,NA,NA,NA
110070860,1100337784,NA,FALSE,"ESAS",2130,8,"F",NA,NA,NA,NA,NA,NA,NA,NA,NA
110070860,1100337785,NA,TRUE,"ESAS",5910,1,"F",NA,NA,NA,NA,NA,NA,NA,NA,NA
110070861,1100337786,NA,FALSE,"ESAS",2130,2,"F",NA,NA,NA,NA,NA,NA,NA,NA,NA
110070864,1100337787,NA,FALSE,"ESAS",2130,2,"E",NA,NA,NA,NA,NA,NA,NA,NA,NA
110070864,1100337788,NA,FALSE,"ESAS",5910,2,"E","A",NA,NA,NA,NA,NA,NA,NA,NA
110070864,1100337789,NA,FALSE,"ESAS",2130,15,"W",NA,NA,NA,NA,NA,NA,NA,"94",NA
110070865,1100337790,NA,FALSE,"ESAS",6000,1,"F","I",NA,NA,NA,NA,NA,NA,NA,NA
110070865,1100337791,NA,FALSE,"ESAS",2130,4,"F",NA,NA,NA,NA,NA,NA,NA,NA,NA
110070865,1100337792,NA,FALSE,"ESAS",5900,1,"F","2",NA,NA,NA,NA,NA,NA,NA,NA
110070865,1100337793,NA,TRUE,"ESAS",5900,1,"A","2",NA,NA,NA,NA,NA,NA,NA,NA
110070865,1100337794,NA,FALSE,"ESAS",5920,1,"F","2",NA,NA,NA,NA,NA,NA,NA,NA
110070865,1100337795,NA,TRUE,"ESAS",2130,8,"F",NA,NA,NA,NA,NA,NA,NA,NA,NA
110070865,1100337796,NA,FALSE,"ESAS",5920,1,"F","2",NA,NA,NA,NA,NA,NA,NA,NA
