"SampleID","PositionID","Time","Latitude","Longitude","Distance","Area","WindForce","Visibility","Glare","SunAngle","CloudCover","Precipitation","IceCover","ObservationConditions"
110001081,110070425,"09:20:00",51.3698,3.1843,0.489,0.1467,4,"D","none",NA,NA,"N",0,NA
110001081,110070426,"09:22:00",51.3693,3.1771,0.569,0.1707,4,"D","none",NA,NA,"N",0,NA
110001081,110070427,"09:24:00",51.3675,3.1691,0.612,0.1836,4,"D","none",NA,NA,"N",0,NA
110001081,110070428,"09:26:00",51.3656,3.1609,0.611,0.1833,4,"D","none",NA,NA,"N",0,NA
110001081,110070429,"09:28:00",51.3637,3.1526,0.612,0.1836,4,"D","none",NA,NA,"N",0,NA
110001081,110070430,"09:30:00",51.3618,3.1444,0.606,0.1818,4,"D","none",NA,NA,"N",0,NA
110001081,110070431,"09:32:00",51.3601,3.1361,0.607,0.1821,4,"D","none",NA,NA,"N",0,NA
110001081,110070432,"09:34:00",51.359,3.1298,0.306,0.0918,4,"D","none",NA,NA,"N",0,NA
110001081,110070433,"09:35:00",51.3582,3.1234,0.604,0.1812,4,"D","none",NA,NA,"N",0,NA
110001081,110070434,"09:37:00",51.3578,3.1146,0.614,0.1842,4,"D","none",NA,NA,"N",0,NA
110001081,110070435,"09:39:00",51.3577,3.1058,0.619,0.1857,4,"D","none",NA,NA,"N",0,NA
110001081,110070436,"09:41:00",51.3576,3.0969,0.622,0.1866,4,"D","none",NA,NA,"N",0,NA
110001081,110070437,"09:43:00",51.3575,3.0879,0.62,0.186,4,"D","none",NA,NA,"N",0,NA
110001081,110070438,"09:45:00",51.3574,3.079,0.62,0.186,4,"D","none",NA,NA,"N",0,NA
110001081,110070439,"09:47:00",51.3572,3.0701,0.616,0.1848,4,"D","none",NA,NA,"N",0,NA
110001081,110070440,"09:49:00",51.3569,3.0613,0.61,0.183,4,"D","none",NA,NA,"N",0,NA
110001081,110070441,"09:51:00",51.3566,3.0526,0.606,0.1818,4,"D","none",NA,NA,"N",0,NA
110001081,110070442,"09:53:00",51.3563,3.0439,0.605,0.1815,4,"D","none",NA,NA,"N",0,NA
110001081,110070443,"09:55:00",51.3561,3.0352,0.608,0.1824,4,"D","none",NA,NA,"N",0,NA
110001081,110070444,"09:57:00",51.3558,3.0264,0.606,0.1818,4,"D","none",NA,NA,"N",0,NA
110001081,110070445,"09:59:00",51.3556,3.0178,0.603,0.1809,4,"D","none",NA,NA,"N",0,NA
110001081,110070446,"10:01:00",51.3554,3.0091,0.605,0.1815,4,"D","none",NA,NA,"N",0,NA
110001081,110070447,"10:03:00",51.3552,3.0003,0.612,0.1836,4,"D","none",NA,NA,"N",0,NA
110001081,110070448,"10:05:00",51.3551,2.9916,0.607,0.1821,4,"D","none",NA,NA,"N",0,NA
110001081,110070449,"10:07:00",51.3549,2.9829,0.602,0.1806,4,"D","none",NA,NA,"N",0,NA
110001081,110070450,"10:09:00",51.3547,2.9742,0.606,0.1818,4,"D","none",NA,NA,"N",0,NA
110001081,110070451,"10:11:00",51.3545,2.9655,0.603,0.1809,4,"D","none",NA,NA,"N",0,NA
110001081,110070452,"10:13:00",51.3548,2.9569,0.598,0.1794,4,"D","none",NA,NA,"N",0,NA
110001081,110070453,"10:15:00",51.3558,2.9484,0.599,0.1797,4,"D","none",NA,NA,"N",0,NA
110001081,110070454,"10:17:00",51.357,2.94,0.6,0.18,4,"D","none",NA,NA,"N",0,NA
110001081,110070455,"10:19:00",51.3579,2.9337,0.302,0.0906,4,"D","none",NA,NA,"N",0,NA
110001081,110070456,"11:06:00",51.4267,2.8069,0.625,0.1875,4,"D","none",NA,NA,"N",0,NA
110001081,110070457,"11:08:00",51.432,2.8052,0.601,0.1803,4,"D","none",NA,NA,"N",0,NA
110001081,110070458,"11:10:00",51.4372,2.8022,0.616,0.1848,4,"D","none",NA,NA,"N",0,NA
110001081,110070459,"11:12:00",51.4422,2.7987,0.612,0.1836,4,"D","none",NA,NA,"N",0,NA
110001081,110070460,"11:14:00",51.4517,2.794,1.596,0.4788,4,"D","none",NA,NA,"N",0,NA
110001081,110070461,"11:16:00",51.4612,2.7896,0.608,0.1824,4,"D","none",NA,NA,"N",0,NA
110001081,110070462,"11:18:00",51.4623,2.789,0.345,0.1035,4,"D","none",NA,NA,"N",0,NA
110001081,110070463,"11:20:00",51.4635,2.7885,0.615,0.1845,4,"D","none",NA,NA,"N",0,NA
110001081,110070464,"11:22:00",51.4726,2.7829,1.567,0.4701,4,"D","none",NA,NA,"N",0,NA
110001081,110070465,"11:24:00",51.4777,2.7795,0.344,0.1032,4,"D","none",NA,NA,"N",0,NA
110001081,110070466,"11:26:00",51.4788,2.7788,0.61,0.183,4,"D","none",NA,NA,"N",0,NA
110001081,110070467,"11:28:00",51.4878,2.7727,1.56,0.468,4,"D","none",NA,NA,"N",0,NA
110001081,110070468,"11:30:00",51.4928,2.7693,0.351,0.1053,4,"D","none",NA,NA,"N",0,NA
110001081,110070469,"11:32:00",51.4939,2.7685,0.612,0.1836,4,"D","none",NA,NA,"N",0,NA
110001081,110070470,"11:34:00",51.4989,2.7651,0.613,0.1839,4,"D","none",NA,NA,"N",0,NA
110001081,110070471,"11:36:00",51.508,2.7589,1.574,0.4722,4,"D","none",NA,NA,"N",0,NA
110001081,110070472,"11:38:00",51.517,2.7527,0.609,0.1827,4,"D","none",NA,NA,"N",0,NA
110001081,110070473,"11:40:00",51.522,2.7493,0.609,0.1827,4,"D","none",NA,NA,"N",0,NA
110001081,110070474,"11:42:00",51.5231,2.7485,0.351,0.1053,4,"D","none",NA,NA,"N",0,NA
110001081,110070475,"11:44:00",51.5241,2.7478,0.61,0.183,4,"D","none",NA,NA,"N",0,NA
110001081,110070476,"11:46:00",51.5292,2.7443,0.612,0.1836,4,"D","none",NA,NA,"N",0,NA
110001081,110070477,"11:48:00",51.5382,2.7381,1.58,0.474,4,"D","none",NA,NA,"N",0,NA
110001081,110070478,"11:50:00",51.5433,2.7346,0.358,0.1074,4,"D","none",NA,NA,"N",0,NA
110001081,110070479,"11:52:00",51.5444,2.7339,0.615,0.1845,4,"D","none",NA,NA,"N",0,NA
110001081,110070480,"11:54:00",51.5535,2.7277,1.595,0.4785,4,"D","none",NA,NA,"N",0,NA
110001081,110070481,"11:56:00",51.5586,2.7242,0.353,0.1059,4,"D","none",NA,NA,"N",0,NA
110001081,110070482,"11:58:00",51.5597,2.7234,0.612,0.1836,4,"D","none",NA,NA,"N",0,NA
110001081,110070483,"12:00:00",51.5647,2.72,0.608,0.1824,4,"D","none",NA,NA,"N",0,NA
110001081,110070484,"12:04:00",51.5748,2.713,0.609,0.1827,4,"D","none",NA,NA,"N",0,NA
110001081,110070485,"12:06:00",51.5838,2.7069,1.561,0.4683,4,"D","none",NA,NA,"N",0,NA
110001081,110070486,"12:08:00",51.5888,2.7035,0.355,0.1065,4,"D","none",NA,NA,"N",0,NA
110001081,110070487,"12:10:00",51.5892,2.6964,1.194,0.3582,4,"D","none",NA,NA,"N",0,NA
110001081,110070488,"12:12:00",51.5915,2.6908,0.356,0.1068,4,"D","none",NA,NA,"N",0,NA
110001081,110070489,"12:14:00",51.5913,2.689,0.617,0.1851,4,"D","none",NA,NA,"N",0,NA
110001081,110070490,"12:16:00",51.5897,2.6751,1.33,0.399,4,"D","none",NA,NA,"N",0,NA
110001081,110070491,"12:19:00",51.5881,2.6593,1.638,0.4914,4,"D","none",NA,NA,"N",0,NA
110001081,110070492,"12:21:00",51.5871,2.6503,0.369,0.1107,4,"D","none",NA,NA,"N",0,NA
110001081,110070493,"12:23:00",51.5869,2.6483,0.637,0.1911,4,"D","none",NA,NA,"N",0,NA
110001081,110070494,"12:25:00",51.5859,2.6393,0.63,0.189,4,"D","none",NA,NA,"N",0,NA
110001081,110070495,"12:27:00",51.5849,2.6304,0.624,0.1872,4,"D","none",NA,NA,"N",0,NA
110001081,110070496,"12:29:00",51.5831,2.6145,1.61,0.483,4,"D","none",NA,NA,"N",0,NA
110001081,110070497,"12:31:00",51.5821,2.6056,0.36,0.108,4,"D","none",NA,NA,"N",0,NA
110001081,110070498,"12:33:00",51.5819,2.6037,0.623,0.1869,4,"D","none",NA,NA,"N",0,NA
110001081,110070499,"12:35:00",51.5812,2.597,0.322,0.0966,4,"D","none",NA,NA,"N",0,NA
110001081,110070500,"12:36:00",51.582,2.5906,0.601,0.1803,4,"D","none",NA,NA,"N",0,NA
110001081,110070501,"12:38:00",51.584,2.5823,0.631,0.1893,4,"D","none",NA,NA,"N",0,NA
110001081,110070502,"12:40:00",51.5861,2.5739,0.625,0.1875,4,"D","none",NA,NA,"N",0,NA
110001081,110070503,"12:42:00",51.5878,2.5661,0.518,0.1554,4,"D","none",NA,NA,"N",0,NA
110001082,110070504,"08:01:00",51.5916,2.5369,0.592,0.1776,2,"C","none",NA,NA,"N",0,NA
110001082,110070505,"08:03:00",51.6003,2.5434,1.539,0.4617,2,"C","none",NA,NA,"N",0,NA
110001082,110070506,"08:05:00",51.6051,2.547,0.35,0.105,2,"C","none",NA,NA,"N",0,NA
110001082,110070507,"08:07:00",51.6061,2.5478,0.605,0.1815,2,"C","none",NA,NA,"N",0,NA
110001082,110070508,"08:09:00",51.611,2.5515,0.598,0.1794,2,"C","none",NA,NA,"N",0,NA
110001082,110070509,"08:11:00",51.6198,2.5579,1.545,0.4635,2,"C","none",NA,NA,"N",0,NA
110001082,110070510,"08:13:00",51.6247,2.5616,0.345,0.1035,2,"C","none",NA,NA,"N",0,NA
110001082,110070511,"08:15:00",51.6266,2.5573,0.891,0.2673,2,"C","none",NA,NA,"N",0,NA
110001082,110070512,"08:16:00",51.6305,2.55,0.54,0.162,2,"C","none",NA,NA,"N",0,NA
110001082,110070513,"08:18:00",51.6309,2.5484,0.303,0.0909,2,"C","none",NA,NA,"N",0,NA
110001082,110070514,"08:20:00",51.6303,2.5472,0.476,0.1428,2,"C","none",NA,NA,"N",0,NA
110001082,110070515,"08:22:00",51.6247,2.5372,1.459,0.4377,2,"C","none",NA,NA,"N",0,NA
110001082,110070516,"08:24:00",51.6207,2.5321,0.335,0.1005,2,"C","none",NA,NA,"N",0,NA
110001082,110070517,"08:26:00",51.6168,2.527,1.467,0.4401,2,"C","none",NA,NA,"N",0,NA
110001082,110070518,"08:28:00",51.6096,2.5178,0.572,0.1716,2,"C","none",NA,NA,"N",0,NA
110001082,110070519,"08:30:00",51.6055,2.513,0.562,0.1686,2,"C","none",NA,NA,"N",0,NA
110001082,110070520,"08:32:00",51.6047,2.5119,0.329,0.0987,2,"C","none",NA,NA,"N",0,NA
110001082,110070521,"08:34:00",51.6007,2.5072,1.437,0.4311,2,"C","none",NA,NA,"N",0,NA
110001082,110070522,"08:36:00",51.5935,2.4986,0.552,0.1656,2,"C","none",NA,NA,"N",0,NA
110001082,110070523,"08:38:00",51.5927,2.4976,0.322,0.0966,2,"C","none",NA,NA,"N",0,NA
110001082,110070524,"08:40:00",51.5887,2.4928,1.426,0.4278,2,"C","none",NA,NA,"N",0,NA
110001082,110070525,"08:42:00",51.5816,2.4843,0.54,0.162,2,"C","none",NA,NA,"N",0,NA
110001082,110070526,"08:44:00",51.5808,2.4833,0.309,0.0927,2,"C","none",NA,NA,"N",0,NA
110001082,110070527,"08:46:00",51.58,2.4823,0.545,0.1635,2,"C","none",NA,NA,"N",0,NA
110001082,110070528,"08:48:00",51.576,2.4776,0.546,0.1638,2,"C","none",NA,NA,"N",0,NA
110001082,110070529,"08:50:00",51.569,2.4692,1.399,0.4197,2,"C","none",NA,NA,"N",0,NA
110001082,110070530,"08:52:00",51.5651,2.4645,0.312,0.0936,2,"C","none",NA,NA,"N",0,NA
110001082,110070531,"08:54:00",51.5612,2.4598,1.401,0.4203,2,"C","none",NA,NA,"N",0,NA
110001082,110070532,"08:56:00",51.5573,2.4551,0.32,0.096,2,"C","none",NA,NA,"N",0,NA
110001082,110070533,"08:58:00",51.5565,2.4541,0.544,0.1632,2,"C","none",NA,NA,"N",0,NA
110001082,110070534,"09:00:00",51.5526,2.4495,0.543,0.1629,2,"C","none",NA,NA,"N",0,NA
110001082,110070535,"09:02:00",51.5486,2.4448,0.548,0.1644,2,"C","none",NA,NA,"N",0,NA
110001082,110070536,"09:04:00",51.5447,2.4401,0.536,0.1608,2,"C","none",NA,NA,"N",0,NA
110001082,110070537,"09:06:00",51.5409,2.4354,0.543,0.1629,2,"C","none",NA,NA,"N",0,NA
110001082,110070538,"09:08:00",51.5369,2.4307,0.543,0.1629,2,"C","none",NA,NA,"N",0,NA
110001082,110070539,"09:10:00",51.533,2.426,0.546,0.1638,2,"C","none",NA,NA,"N",0,NA
110001082,110070540,"09:12:00",51.5291,2.4213,0.543,0.1629,2,"C","none",NA,NA,"N",0,NA
110001082,110070541,"09:14:00",51.5252,2.4167,0.542,0.1626,2,"C","none",NA,NA,"N",0,NA
110001082,110070542,"09:16:00",51.5213,2.412,0.54,0.162,2,"C","none",NA,NA,"N",0,NA
110001082,110070543,"09:18:00",51.5174,2.4074,0.532,0.1596,2,"C","none",NA,NA,"N",0,NA
110001082,110070544,"09:20:00",51.5136,2.4027,0.544,0.1632,2,"C","none",NA,NA,"N",0,NA
110001082,110070545,"09:22:00",51.5097,2.3981,0.535,0.1605,2,"C","none",NA,NA,"N",0,NA
110001082,110070546,"09:24:00",51.5058,2.3935,0.538,0.1614,2,"C","none",NA,NA,"N",0,NA
110001082,110070547,"09:26:00",51.502,2.3889,0.524,0.1572,2,"C","none",NA,NA,"N",0,NA
110001082,110070548,"09:44:00",51.4888,2.3732,0.479,0.1437,2,"C","none",NA,NA,"N",0,NA
110001082,110070549,"09:46:00",51.4852,2.3688,0.52,0.156,2,"C","none",NA,NA,"N",0,NA
110001082,110070550,"09:48:00",51.4814,2.3643,0.523,0.1569,2,"C","none",NA,NA,"N",0,NA
110001082,110070551,"09:50:00",51.4777,2.3598,0.52,0.156,2,"C","none",NA,NA,"N",0,NA
110001082,110070552,"09:52:00",51.4739,2.3553,0.522,0.1566,2,"C","none",NA,NA,"N",0,NA
110001082,110070553,"09:54:00",51.4702,2.3508,0.522,0.1566,2,"C","none",NA,NA,"N",0,NA
110001082,110070554,"09:56:00",51.4664,2.3463,0.519,0.1557,2,"C","none",NA,NA,"N",0,NA
110001082,110070555,"09:58:00",51.4627,2.3418,0.521,0.1563,2,"C","none",NA,NA,"N",0,NA
110001082,110070556,"10:00:00",51.4559,2.334,1.337,0.4011,2,"C","none",NA,NA,"N",0,NA
110001082,110070557,"10:02:00",51.4496,2.3307,0.453,0.1359,2,"C","none",NA,NA,"N",0,NA
110001082,110070558,"10:04:00",51.4476,2.3349,0.292,0.0876,2,"C","none",NA,NA,"N",0,NA
110001082,110070559,"10:05:00",51.4477,2.3347,0.335,0.1005,2,"C","none",NA,NA,"N",0,NA
110001082,110070560,"10:07:00",51.4471,2.3362,0.578,0.1734,2,"C","none",NA,NA,"N",0,NA
110001082,110070561,"10:09:00",51.4422,2.3491,1.527,0.4581,2,"C","none",NA,NA,"N",0,NA
110001082,110070562,"10:11:00",51.4393,2.3563,0.339,0.1017,2,"C","none",NA,NA,"N",0,NA
110001082,110070563,"10:13:00",51.4387,2.3578,0.593,0.1779,2,"C","none",NA,NA,"N",0,NA
110001082,110070564,"10:15:00",51.4334,2.3707,1.544,0.4632,2,"C","none",NA,NA,"N",0,NA
110001082,110070565,"10:17:00",51.4281,2.3835,0.589,0.1767,2,"C","none",NA,NA,"N",0,NA
110001082,110070566,"10:19:00",51.4252,2.3907,0.593,0.1779,2,"C","none",NA,NA,"N",0,NA
110001082,110070567,"10:21:00",51.4241,2.3984,0.572,0.1716,2,"C","none",NA,NA,"N",0,NA
110001082,110070568,"10:23:00",51.4253,2.4041,0.308,0.0924,2,"C","none",NA,NA,"N",0,NA
110001082,110070569,"10:24:00",51.4286,2.4082,0.625,0.1875,2,"C","none",NA,NA,"N",0,NA
110001082,110070570,"10:26:00",51.4334,2.4133,0.65,0.195,2,"C","none",NA,NA,"N",0,NA
110001082,110070571,"10:28:00",51.4382,2.4186,0.655,0.1965,2,"C","none",NA,NA,"N",0,NA
110001082,110070572,"10:30:00",51.4393,2.4197,0.379,0.1137,2,"C","none",NA,NA,"N",0,NA
110001082,110070573,"10:32:00",51.4403,2.4208,0.657,0.1971,2,"C","none",NA,NA,"N",0,NA
110001082,110070574,"10:34:00",51.4453,2.4259,0.658,0.1974,2,"C","none",NA,NA,"N",0,NA
110001082,110070575,"10:36:00",51.4542,2.4351,1.705,0.5115,2,"C","none",NA,NA,"N",0,NA
110001082,110070576,"10:38:00",51.4631,2.4443,0.643,0.1929,2,"C","none",NA,NA,"N",0,NA
110001082,110070577,"10:40:00",51.4678,2.4486,0.575,0.1725,2,"C","none",NA,NA,"N",0,NA
110001082,110070578,"10:42:00",51.4689,2.4497,0.295,0.0885,2,"C","none",NA,NA,"N",0,NA
110001082,110070579,"11:12:00",51.4742,2.4546,0.274,0.0822,2,"C","none",NA,NA,"N",0,NA
110001082,110070580,"11:14:00",51.4784,2.4593,1.411,0.4233,2,"C","none",NA,NA,"N",0,NA
110001082,110070581,"11:16:00",51.4859,2.4677,0.612,0.1836,2,"C","none",NA,NA,"N",0,NA
110001082,110070582,"11:18:00",51.4868,2.4688,0.35,0.105,2,"C","none",NA,NA,"N",0,NA
110001082,110070583,"11:20:00",51.4879,2.4698,0.619,0.1857,2,"C","none",NA,NA,"N",0,NA
110001082,110070584,"11:22:00",51.4926,2.4747,0.629,0.1887,2,"C","none",NA,NA,"N",0,NA
110001082,110070585,"11:24:00",51.501,2.4834,1.612,0.4836,2,"C","none",NA,NA,"N",0,NA
110001082,110070586,"11:26:00",51.5095,2.4921,0.628,0.1884,2,"C","none",NA,NA,"N",0,NA
110001082,110070587,"11:28:00",51.5105,2.4931,0.362,0.1086,2,"C","none",NA,NA,"N",0,NA
110001082,110070588,"11:30:00",51.5153,2.498,1.614,0.4842,2,"C","none",NA,NA,"N",0,NA
110001082,110070589,"11:32:00",51.5237,2.5067,0.621,0.1863,2,"C","none",NA,NA,"N",0,NA
110001082,110070590,"11:34:00",51.5284,2.5115,0.62,0.186,2,"C","none",NA,NA,"N",0,NA
110001082,110070591,"11:36:00",51.5331,2.5163,0.616,0.1848,2,"C","none",NA,NA,"N",0,NA
110001082,110070592,"11:38:00",51.5341,2.5173,0.352,0.1056,2,"C","none",NA,NA,"N",0,NA
110001082,110070593,"11:40:00",51.5388,2.5222,1.606,0.4818,2,"C","none",NA,NA,"N",0,NA
110001082,110070594,"11:42:00",51.5436,2.5271,0.359,0.1077,2,"C","none",NA,NA,"N",0,NA
110001082,110070595,"11:44:00",51.5446,2.5281,0.625,0.1875,2,"C","none",NA,NA,"N",0,NA
110001082,110070596,"11:46:00",51.5492,2.533,0.621,0.1863,2,"C","none",NA,NA,"N",0,NA
110001082,110070597,"11:48:00",51.554,2.5379,0.624,0.1872,2,"C","none",NA,NA,"N",0,NA
110001082,110070598,"11:50:00",51.5586,2.5428,0.62,0.186,2,"C","none",NA,NA,"N",0,NA
110001082,110070599,"11:52:00",51.567,2.5514,1.587,0.4761,2,"C","none",NA,NA,"N",0,NA
110001082,110070600,"11:54:00",51.5717,2.5562,0.346,0.1038,2,"C","none",NA,NA,"N",0,NA
110001082,110070601,"11:56:00",51.5762,2.561,1.556,0.4668,2,"C","none",NA,NA,"N",0,NA
110001082,110070602,"11:58:00",51.5808,2.5657,0.349,0.1047,2,"C","none",NA,NA,"N",0,NA
110001082,110070603,"12:00:00",51.5854,2.5704,1.567,0.4701,2,"C","none",NA,NA,"N",0,NA
110001082,110070604,"12:02:00",51.59,2.5752,0.345,0.1035,2,"C","none",NA,NA,"N",0,NA
110001082,110070605,"12:04:00",51.591,2.5762,0.612,0.1836,2,"C","none",NA,NA,"N",0,NA
110001082,110070606,"12:06:00",51.5993,2.5847,1.571,0.4713,2,"C","none",NA,NA,"N",0,NA
110001082,110070607,"12:08:00",51.6075,2.5932,0.597,0.1791,2,"C","none",NA,NA,"N",0,NA
110001082,110070608,"12:10:00",51.6084,2.5942,0.345,0.1035,2,"C","none",NA,NA,"N",0,NA
110001082,110070609,"12:12:00",51.6094,2.5952,0.609,0.1827,2,"C","none",NA,NA,"N",0,NA
110001082,110070610,"12:14:00",51.6172,2.6043,1.531,0.4593,2,"C","none",NA,NA,"N",0,NA
110001082,110070611,"12:16:00",51.6216,2.6141,0.507,0.1521,2,"C","none",NA,NA,"N",0,NA
110001082,110070612,"12:18:00",51.6212,2.6155,0.303,0.0909,2,"C","none",NA,NA,"N",0,NA
110001082,110070613,"12:20:00",51.6207,2.617,0.549,0.1647,2,"C","none",NA,NA,"N",0,NA
110001082,110070614,"12:22:00",51.6162,2.63,1.509,0.4527,2,"C","none",NA,NA,"N",0,NA
110001082,110070615,"12:24:00",51.6117,2.6433,0.574,0.1722,2,"C","none",NA,NA,"N",0,NA
110001082,110070616,"12:26:00",51.6093,2.6505,0.56,0.168,2,"C","none",NA,NA,"N",0,NA
110001082,110070617,"12:28:00",51.6088,2.652,0.325,0.0975,2,"C","none",NA,NA,"N",0,NA
110001082,110070618,"12:30:00",51.6083,2.6536,0.565,0.1695,2,"C","none",NA,NA,"N",0,NA
110001082,110070619,"12:32:00",51.6059,2.6608,0.565,0.1695,2,"C","none",NA,NA,"N",0,NA
110001082,110070620,"12:34:00",51.6003,2.6654,0.997,0.2991,2,"C","none",NA,NA,"N",0,NA
110001082,110070621,"12:36:00",51.5936,2.6649,0.531,0.1593,2,"C","none",NA,NA,"N",0,NA
110001082,110070622,"12:38:00",51.5927,2.6643,0.313,0.0939,2,"C","none",NA,NA,"N",0,NA
110001082,110070623,"12:40:00",51.5918,2.6637,0.536,0.1608,2,"C","none",NA,NA,"N",0,NA
110001082,110070624,"12:42:00",51.584,2.6582,1.37,0.411,2,"C","none",NA,NA,"N",0,NA
110001082,110070625,"12:44:00",51.5761,2.6527,0.533,0.1599,2,"C","none",NA,NA,"N",0,NA
110001082,110070626,"12:49:00",51.572,2.6499,0.535,0.1605,2,"C","none",NA,NA,"N",0,NA
110001082,110070627,"12:51:00",51.5641,2.6444,1.39,0.417,2,"C","none",NA,NA,"N",0,NA
110001082,110070628,"12:53:00",51.5597,2.6413,0.317,0.0951,2,"C","none",NA,NA,"N",0,NA
110001082,110070629,"12:55:00",51.5553,2.6382,1.391,0.4173,2,"C","none",NA,NA,"N",0,NA
110001082,110070630,"12:57:00",51.5473,2.6327,0.534,0.1602,2,"C","none",NA,NA,"N",0,NA
110001082,110070631,"12:59:00",51.5464,2.632,0.301,0.0903,2,"C","none",NA,NA,"N",0,NA
110001082,110070632,"13:01:00",51.5431,2.6298,1.094,0.3282,2,"C","none",NA,NA,"N",0,NA
110001082,110070633,"13:02:00",51.5398,2.6275,0.304,0.0912,2,"C","none",NA,NA,"N",0,NA
110001082,110070634,"13:04:00",51.5355,2.6245,1.361,0.4083,2,"C","none",NA,NA,"N",0,NA
110001082,110070635,"13:06:00",51.5277,2.6191,0.533,0.1599,2,"C","none",NA,NA,"N",0,NA
110001082,110070636,"13:08:00",51.5233,2.616,0.532,0.1596,2,"C","none",NA,NA,"N",0,NA
110001082,110070637,"13:10:00",51.5223,2.6153,0.306,0.0918,2,"C","none",NA,NA,"N",0,NA
110001082,110070638,"13:12:00",51.5214,2.6147,0.542,0.1626,2,"C","none",NA,NA,"N",0,NA
110001082,110070639,"13:14:00",51.5169,2.6116,0.543,0.1629,2,"C","none",NA,NA,"N",0,NA
110001082,110070640,"13:16:00",51.5088,2.606,1.418,0.4254,2,"C","none",NA,NA,"N",0,NA
110001082,110070641,"13:18:00",51.5006,2.6007,0.558,0.1674,2,"C","none",NA,NA,"N",0,NA
110001082,110070642,"13:20:00",51.4995,2.6001,0.316,0.0948,2,"C","none",NA,NA,"N",0,NA
110001082,110070643,"13:22:00",51.4949,2.5972,1.428,0.4284,2,"C","none",NA,NA,"N",0,NA
110001082,110070644,"13:24:00",51.4902,2.5946,0.324,0.0972,2,"C","none",NA,NA,"N",0,NA
110001082,110070645,"13:26:00",51.4893,2.5936,0.554,0.1662,2,"C","none",NA,NA,"N",0,NA
110001082,110070646,"13:28:00",51.4851,2.5893,0.558,0.1674,2,"C","none",NA,NA,"N",0,NA
110001082,110070647,"13:30:00",51.4812,2.5848,0.525,0.1575,2,"C","none",NA,NA,"N",0,NA
110001082,110070648,"13:32:00",51.4775,2.5807,0.47,0.141,2,"C","none",NA,NA,"N",0,NA
110001082,110070649,"13:34:00",51.4723,2.5749,0.944,0.2832,2,"C","none",NA,NA,"N",0,NA
110001082,110070650,"14:10:00",51.4576,2.5643,0.504,0.1512,2,"C","none",NA,NA,"N",0,NA
110001082,110070651,"14:12:00",51.453,2.563,0.54,0.162,2,"C","none",NA,NA,"N",0,NA
110001082,110070652,"14:14:00",51.4482,2.5609,0.551,0.1653,2,"C","none",NA,NA,"N",0,NA
110001082,110070653,"14:16:00",51.4435,2.558,0.579,0.1737,2,"C","none",NA,NA,"N",0,NA
110001082,110070654,"14:18:00",51.4387,2.5546,0.592,0.1776,2,"C","none",NA,NA,"N",0,NA
110001082,110070655,"14:20:00",51.4339,2.5513,0.58,0.174,2,"C","none",NA,NA,"N",0,NA
110001082,110070656,"14:22:00",51.429,2.5481,0.59,0.177,2,"C","none",NA,NA,"N",0,NA
110001082,110070657,"14:24:00",51.4231,2.5445,0.821,0.2463,2,"C","none",NA,NA,"N",0,NA
110001082,110070658,"14:26:00",51.4181,2.5419,0.334,0.1002,2,"C","none",NA,NA,"N",0,NA
110001082,110070659,"14:28:00",51.4101,2.5404,1.477,0.4431,2,"C","none",NA,NA,"N",0,NA
110001082,110070660,"14:30:00",51.4049,2.5395,0.329,0.0987,2,"C","none",NA,NA,"N",0,NA
110001082,110070661,"14:32:00",51.4039,2.5395,0.568,0.1704,2,"C","none",NA,NA,"N",0,NA
110001082,110070662,"14:34:00",51.3987,2.5395,0.58,0.174,2,"C","none",NA,NA,"N",0,NA
110001082,110070663,"14:36:00",51.3896,2.541,1.468,0.4404,2,"C","none",NA,NA,"N",0,NA
110001082,110070664,"14:38:00",51.3845,2.5418,0.324,0.0972,2,"C","none",NA,NA,"N",0,NA
110001082,110070665,"14:40:00",51.3806,2.5463,1.365,0.4095,2,"C","none",NA,NA,"N",0,NA
110001082,110070666,"14:42:00",51.3771,2.5485,0.563,0.1689,2,"C","none",NA,NA,"N",0,NA
110001082,110070667,"14:43:00",51.3768,2.554,1.257,0.3771,2,"C","none",NA,NA,"N",0,NA
110001082,110070668,"14:45:00",51.3748,2.5602,0.298,0.0894,2,"C","none",NA,NA,"N",0,NA
110001082,110070669,"14:47:00",51.3747,2.568,1.374,0.4122,2,"C","none",NA,NA,"N",0,NA
110001082,110070670,"14:49:00",51.3746,2.5756,0.307,0.0921,2,"C","none",NA,NA,"N",0,NA
110001082,110070671,"14:51:00",51.3744,2.5834,1.389,0.4167,2,"C","none",NA,NA,"N",0,NA
110001082,110070672,"14:53:00",51.3742,2.5912,0.312,0.0936,2,"C","none",NA,NA,"N",0,NA
110001082,110070673,"14:55:00",51.3758,2.5982,1.342,0.4026,2,"C","none",NA,NA,"N",0,NA
110001082,110070674,"14:57:00",51.3783,2.6111,0.532,0.1596,2,"C","none",NA,NA,"N",0,NA
110001082,110070675,"14:59:00",51.3787,2.6126,0.307,0.0921,2,"C","none",NA,NA,"N",0,NA
110001082,110070676,"15:01:00",51.3791,2.6141,0.536,0.1608,2,"C","none",NA,NA,"N",0,NA
110001082,110070677,"15:03:00",51.3808,2.6213,0.529,0.1587,2,"C","none",NA,NA,"N",0,NA
110001082,110070678,"15:05:00",51.3825,2.6284,0.526,0.1578,2,"C","none",NA,NA,"N",0,NA
110001082,110070679,"15:07:00",51.3841,2.6354,0.52,0.156,2,"C","none",NA,NA,"N",0,NA
110001082,110070680,"15:09:00",51.3857,2.6425,0.525,0.1575,2,"C","none",NA,NA,"N",0,NA
110001082,110070681,"15:11:00",51.3874,2.6496,0.526,0.1578,2,"C","none",NA,NA,"N",0,NA
110001082,110070682,"15:13:00",51.389,2.6567,0.535,0.1605,2,"C","none",NA,NA,"N",0,NA
110001082,110070683,"15:15:00",51.392,2.6696,1.366,0.4098,2,"C","none",NA,NA,"N",0,NA
110001082,110070684,"15:17:00",51.3949,2.6824,0.531,0.1593,2,"C","none",NA,NA,"N",0,NA
110001082,110070685,"15:19:00",51.3952,2.6839,0.311,0.0933,2,"C","none",NA,NA,"N",0,NA
110001082,110070686,"15:21:00",51.3969,2.691,1.357,0.4071,2,"C","none",NA,NA,"N",0,NA
110001082,110070687,"15:23:00",51.4012,2.7012,0.501,0.1503,2,"C","none",NA,NA,"N",0,NA
110001082,110070688,"15:25:00",51.4045,2.7027,0.264,0.0792,2,"C","none",NA,NA,"N",0,NA
110001082,110070689,"15:26:00",51.4079,2.7042,0.537,0.1611,1,"D","none",NA,NA,"N",0,NA
110001082,110070690,"15:28:00",51.4089,2.7046,0.313,0.0939,1,"D","none",NA,NA,"N",0,NA
110001082,110070691,"15:30:00",51.4135,2.7067,1.381,0.4143,1,"D","none",NA,NA,"N",0,NA
110001082,110070692,"15:32:00",51.4218,2.7105,0.533,0.1599,1,"D","none",NA,NA,"N",0,NA
110001082,110070693,"15:34:00",51.4227,2.711,0.313,0.0939,1,"D","none",NA,NA,"N",0,NA
110001082,110070694,"15:36:00",51.4272,2.7133,1.365,0.4095,1,"D","none",NA,NA,"N",0,NA
110001082,110070695,"15:38:00",51.4318,2.7156,0.301,0.0903,1,"D","none",NA,NA,"N",0,NA
110001082,110070696,"15:40:00",51.4327,2.7161,0.527,0.1581,1,"D","none",NA,NA,"N",0,NA
110001082,110070697,"15:42:00",51.4373,2.7184,0.538,0.1614,1,"D","none",NA,NA,"N",0,NA
110001082,110070698,"15:44:00",51.442,2.7203,0.534,0.1602,1,"D","none",NA,NA,"N",0,NA
110001082,110070699,"15:46:00",51.4466,2.7222,0.538,0.1614,1,"D","none",NA,NA,"N",0,NA
110001082,110070700,"15:48:00",51.4513,2.7242,0.54,0.162,1,"D","none",NA,NA,"N",0,NA
110001082,110070701,"15:50:00",51.4559,2.7263,0.53,0.159,1,"D","none",NA,NA,"N",0,NA
110001082,110070702,"15:52:00",51.4605,2.7283,0.53,0.159,1,"D","none",NA,NA,"N",0,NA
110001082,110070703,"15:54:00",51.4652,2.7301,0.527,0.1581,1,"D","none",NA,NA,"N",0,NA
110001082,110070704,"15:56:00",51.4733,2.7333,1.346,0.4038,1,"D","none",NA,NA,"N",0,NA
110001082,110070705,"15:58:00",51.4815,2.7366,0.525,0.1575,1,"D","none",NA,NA,"N",0,NA
110001082,110070706,"16:00:00",51.486,2.7383,0.52,0.156,1,"D","none",NA,NA,"N",0,NA
110001082,110070707,"16:02:00",51.4906,2.74,0.517,0.1551,1,"D","none",NA,NA,"N",0,NA
110001082,110070708,"16:04:00",51.4952,2.7416,0.536,0.1608,1,"D","none",NA,NA,"N",0,NA
110001082,110070709,"16:06:00",51.4962,2.7419,0.302,0.0906,1,"D","none",NA,NA,"N",0,NA
110001082,110070710,"16:08:00",51.4972,2.7423,0.522,0.1566,1,"D","none",NA,NA,"N",0,NA
110001082,110070711,"16:10:00",51.5054,2.7452,1.34,0.402,1,"D","none",NA,NA,"N",0,NA
110001082,110070712,"16:12:00",51.51,2.7468,0.295,0.0885,1,"D","none",NA,NA,"N",0,NA
110001082,110070713,"16:14:00",51.5145,2.7486,1.329,0.3987,1,"D","none",NA,NA,"N",0,NA
110001082,110070714,"16:16:00",51.5225,2.7518,0.518,0.1554,1,"D","none",NA,NA,"N",0,NA
110001082,110070715,"16:18:00",51.5235,2.7521,0.299,0.0897,1,"D","none",NA,NA,"N",0,NA
110001082,110070716,"16:20:00",51.5244,2.7525,0.516,0.1548,1,"D","none",NA,NA,"N",0,NA
110001082,110070717,"16:22:00",51.5289,2.7542,0.515,0.1545,1,"D","none",NA,NA,"N",0,NA
110001082,110070718,"16:24:00",51.5335,2.7558,0.521,0.1563,1,"D","none",NA,NA,"N",0,NA
110001082,110070719,"16:26:00",51.5416,2.7588,1.323,0.3969,1,"D","none",NA,NA,"N",0,NA
110001082,110070720,"16:28:00",51.5496,2.7618,0.52,0.156,1,"D","none",NA,NA,"N",0,NA
110001082,110070721,"16:30:00",51.5541,2.7635,0.508,0.1524,1,"D","none",NA,NA,"N",0,NA
110001082,110070722,"16:32:00",51.5551,2.7638,0.288,0.0864,1,"D","none",NA,NA,"N",0,NA
110001082,110070723,"16:34:00",51.5596,2.7656,1.314,0.3942,1,"D","none",NA,NA,"N",0,NA
110001082,110070724,"16:36:00",51.5675,2.7687,0.508,0.1524,1,"D","none",NA,NA,"N",0,NA
110001082,110070725,"16:38:00",51.5684,2.7691,0.292,0.0876,1,"D","none",NA,NA,"N",0,NA
110001082,110070726,"16:40:00",51.5728,2.7709,1.298,0.3894,1,"D","none",NA,NA,"N",0,NA
110001082,110070727,"16:42:00",51.5772,2.7727,0.285,0.0855,1,"D","none",NA,NA,"N",0,NA
110001082,110070728,"16:44:00",51.5816,2.7745,1.293,0.3879,1,"D","none",NA,NA,"N",0,NA
110001082,110070729,"16:46:00",51.5889,2.7755,0.397,0.1191,1,"D","none",NA,NA,"N",0,NA
110001082,110070730,"16:48:00",51.5909,2.7701,0.586,0.1758,1,"D","none",NA,NA,"N",0,NA
110001083,110070731,"06:58:00",51.426,2.5399,0.285,0.0855,6,"D","none",NA,NA,"N",0,NA
110001083,110070732,"07:00:00",51.425,2.5398,0.499,0.1497,6,"D","none",NA,NA,"N",0,NA
110001083,110070733,"07:02:00",51.4206,2.5397,0.489,0.1467,6,"D","none",NA,NA,"N",0,NA
110001083,110070734,"07:04:00",51.4127,2.5394,1.272,0.3816,6,"D","none",NA,NA,"N",0,NA
110001083,110070735,"07:06:00",51.4083,2.5391,0.281,0.0843,6,"D","none",NA,NA,"N",0,NA
110001083,110070736,"07:08:00",51.4038,2.5389,1.278,0.3834,6,"D","none",NA,NA,"N",0,NA
110001083,110070737,"07:10:00",51.3994,2.5386,0.297,0.0891,6,"D","none",NA,NA,"N",0,NA
110001083,110070738,"07:12:00",51.3985,2.5386,0.502,0.1506,6,"D","none",NA,NA,"N",0,NA
110001083,110070739,"07:14:00",51.394,2.5383,0.497,0.1491,6,"D","none",NA,NA,"N",0,NA
110001083,110070740,"07:16:00",51.3861,2.538,1.265,0.3795,6,"D","none",NA,NA,"N",0,NA
110001083,110070741,"07:18:00",51.3817,2.5378,0.289,0.0867,6,"D","none",NA,NA,"N",0,NA
110001083,110070742,"07:20:00",51.3774,2.539,1.256,0.3768,6,"D","none",NA,NA,"N",0,NA
110001083,110070743,"07:22:00",51.3703,2.5432,0.537,0.1611,6,"D","none",NA,NA,"N",0,NA
110001083,110070744,"07:24:00",51.368,2.5499,0.54,0.162,6,"D","none",NA,NA,"N",0,NA
110001083,110070745,"07:26:00",51.3666,2.5574,0.551,0.1653,6,"D","none",NA,NA,"N",0,NA
110001083,110070746,"07:28:00",51.3664,2.559,0.322,0.0966,6,"D","none",NA,NA,"N",0,NA
110001083,110070747,"07:30:00",51.3661,2.5606,0.548,0.1644,6,"D","none",NA,NA,"N",0,NA
110001083,110070748,"07:32:00",51.365,2.5684,0.57,0.171,6,"D","none",NA,NA,"N",0,NA
110001083,110070749,"07:34:00",51.3631,2.5826,1.439,0.4317,6,"D","none",NA,NA,"N",0,NA
110001083,110070750,"07:36:00",51.361,2.5963,0.531,0.1593,6,"D","none",NA,NA,"N",0,NA
110001083,110070751,"07:38:00",51.3607,2.5979,0.303,0.0909,6,"D","none",NA,NA,"N",0,NA
110001083,110070752,"07:40:00",51.3604,2.5993,0.511,0.1533,6,"D","none",NA,NA,"N",0,NA
110001083,110070753,"07:42:00",51.3589,2.606,0.488,0.1464,6,"D","none",NA,NA,"N",0,NA
110001083,110070754,"07:44:00",51.3562,2.6176,1.218,0.3654,6,"D","none",NA,NA,"N",0,NA
110001083,110070755,"07:46:00",51.3537,2.629,0.465,0.1395,6,"D","none",NA,NA,"N",0,NA
110001083,110070756,"07:48:00",51.3534,2.6303,0.273,0.0819,6,"D","none",NA,NA,"N",0,NA
110001083,110070757,"07:50:00",51.3523,2.6352,1.002,0.3006,6,"D","none",NA,NA,"N",0,NA
110001083,110070758,"07:53:00",51.3487,2.6517,0.475,0.1425,6,"D","none",NA,NA,"N",0,NA
110001083,110070759,"07:55:00",51.3473,2.6581,0.476,0.1428,6,"D","none",NA,NA,"N",0,NA
110001083,110070760,"07:57:00",51.3459,2.6646,0.481,0.1443,6,"D","none",NA,NA,"N",0,NA
110001083,110070761,"07:59:00",51.3456,2.666,0.281,0.0843,6,"D","none",NA,NA,"N",0,NA
110001083,110070762,"08:01:00",51.3442,2.6726,1.249,0.3747,6,"D","none",NA,NA,"N",0,NA
110001083,110070763,"08:03:00",51.3416,2.6842,0.473,0.1419,6,"D","none",NA,NA,"N",0,NA
110001083,110070764,"08:05:00",51.3413,2.6856,0.281,0.0843,6,"D","none",NA,NA,"N",0,NA
110001083,110070765,"08:07:00",51.3406,2.6864,0.468,0.1404,6,"D","none",NA,NA,"N",0,NA
110001083,110070766,"08:09:00",51.3346,2.6941,1.262,0.3786,6,"D","none",NA,NA,"N",0,NA
110001083,110070767,"08:11:00",51.3278,2.6993,0.464,0.1392,6,"D","none",NA,NA,"N",0,NA
110001083,110070768,"08:13:00",51.3269,2.6996,0.274,0.0822,6,"D","none",NA,NA,"N",0,NA
110001083,110070769,"08:15:00",51.3226,2.6987,1.251,0.3753,6,"D","none",NA,NA,"N",0,NA
110001083,110070770,"08:17:00",51.3148,2.6971,0.492,0.1476,6,"D","none",NA,NA,"N",0,NA
110001083,110070771,"08:19:00",51.3104,2.6961,0.503,0.1509,6,"D","none",NA,NA,"N",0,NA
110001083,110070772,"08:21:00",51.306,2.6949,0.487,0.1461,6,"D","none",NA,NA,"N",0,NA
110001083,110070773,"08:23:00",51.3051,2.6947,0.285,0.0855,6,"D","none",NA,NA,"N",0,NA
110001083,110070774,"08:25:00",51.3042,2.6942,0.488,0.1464,6,"D","none",NA,NA,"N",0,NA
110001083,110070775,"08:27:00",51.2968,2.6903,1.253,0.3759,6,"D","none",NA,NA,"N",0,NA
110001083,110070776,"08:29:00",51.2926,2.688,0.281,0.0843,6,"D","none",NA,NA,"N",0,NA
110001083,110070777,"08:31:00",51.2887,2.6851,1.244,0.3732,6,"D","none",NA,NA,"N",0,NA
110001083,110070778,"08:33:00",51.2816,2.6802,0.474,0.1422,6,"D","none",NA,NA,"N",0,NA
110001083,110070779,"08:35:00",51.2777,2.6774,0.482,0.1446,6,"D","none",NA,NA,"N",0,NA
110001083,110070780,"08:37:00",51.2738,2.6747,0.473,0.1419,6,"D","none",NA,NA,"N",0,NA
110001083,110070781,"08:39:00",51.2698,2.6719,0.482,0.1446,6,"D","none",NA,NA,"N",0,NA
110001083,110070782,"08:41:00",51.269,2.6713,0.274,0.0822,6,"D","none",NA,NA,"N",0,NA
110001083,110070783,"08:43:00",51.2682,2.6708,0.474,0.1422,6,"D","none",NA,NA,"N",0,NA
110001083,110070784,"08:45:00",51.2642,2.6682,0.471,0.1413,6,"D","none",NA,NA,"N",0,NA
110001083,110070785,"08:47:00",51.2603,2.6656,0.478,0.1434,6,"D","none",NA,NA,"N",0,NA
110001083,110070786,"08:49:00",51.2563,2.6632,0.47,0.141,6,"D","none",NA,NA,"N",0,NA
110001083,110070787,"08:51:00",51.2523,2.6612,0.472,0.1416,6,"D","none",NA,NA,"N",0,NA
110001083,110070788,"08:53:00",51.2483,2.6593,0.463,0.1389,6,"D","none",NA,NA,"N",0,NA
110001083,110070789,"08:55:00",51.2443,2.6572,0.464,0.1392,6,"D","none",NA,NA,"N",0,NA
110001083,110070790,"08:57:00",51.2404,2.6549,0.456,0.1368,6,"D","none",NA,NA,"N",0,NA
110001083,110070791,"08:59:00",51.2366,2.653,0.448,0.1344,6,"D","none",NA,NA,"N",0,NA
110001083,110070792,"09:01:00",51.2326,2.6511,0.462,0.1386,6,"D","none",NA,NA,"N",0,NA
110001083,110070793,"09:03:00",51.2287,2.6492,0.447,0.1341,6,"D","none",NA,NA,"N",0,NA
110001083,110070794,"09:05:00",51.225,2.6473,0.429,0.1287,6,"D","none",NA,NA,"N",0,NA
110001083,110070795,"09:07:00",51.2213,2.6451,0.441,0.1323,6,"D","none",NA,NA,"N",0,NA
110001083,110070796,"09:09:00",51.2176,2.6424,0.465,0.1395,6,"D","none",NA,NA,"N",0,NA
110001083,110070797,"09:11:00",51.2139,2.6395,0.464,0.1392,6,"D","none",NA,NA,"N",0,NA
110001083,110070798,"09:13:00",51.2103,2.6363,0.457,0.1371,6,"D","none",NA,NA,"N",0,NA
110001083,110070799,"09:15:00",51.2069,2.6328,0.443,0.1329,6,"D","none",NA,NA,"N",0,NA
110001083,110070800,"09:17:00",51.2036,2.629,0.451,0.1353,6,"D","none",NA,NA,"N",0,NA
110001083,110070801,"09:19:00",51.2003,2.6254,0.441,0.1323,6,"D","none",NA,NA,"N",0,NA
110001083,110070802,"09:21:00",51.1971,2.6217,0.436,0.1308,6,"D","none",NA,NA,"N",0,NA
110001083,110070803,"09:23:00",51.1939,2.6181,0.436,0.1308,6,"D","none",NA,NA,"N",0,NA
110001083,110070804,"09:25:00",51.1907,2.6145,0.431,0.1293,6,"D","none",NA,NA,"N",0,NA
110001083,110070805,"09:27:00",51.1876,2.611,0.42,0.126,6,"D","none",NA,NA,"N",0,NA
110001083,110070806,"09:29:00",51.1845,2.6075,0.432,0.1296,6,"D","none",NA,NA,"N",0,NA
110001083,110070807,"11:10:00",51.2138,2.6613,1.705,0.5115,4,"C","none",NA,NA,"R",0,NA
110001083,110070808,"11:12:00",51.218,2.6681,0.378,0.1134,4,"C","none",NA,NA,"R",0,NA
110001083,110070809,"11:14:00",51.2221,2.6748,1.694,0.5082,4,"C","none",NA,NA,"R",0,NA
110001083,110070810,"11:16:00",51.2295,2.6869,0.662,0.1986,4,"C","none",NA,NA,"R",0,NA
110001083,110070811,"11:18:00",51.2337,2.6937,0.657,0.1971,4,"C","none",NA,NA,"R",0,NA
110001083,110070812,"11:20:00",51.2345,2.6951,0.382,0.1146,4,"C","none",NA,NA,"R",0,NA
110001083,110070813,"11:22:00",51.2354,2.6965,0.663,0.1989,4,"C","none",NA,NA,"R",0,NA
110001083,110070814,"11:24:00",51.2412,2.7101,1.642,0.4926,4,"C","none",NA,NA,"R",0,NA
110001083,110070815,"11:26:00",51.2443,2.7177,0.385,0.1155,4,"C","none",NA,NA,"R",0,NA
110001083,110070816,"11:28:00",51.2447,2.7196,0.658,0.1974,4,"C","none",NA,NA,"R",0,NA
110001083,110070817,"11:30:00",51.2478,2.7359,1.729,0.5187,4,"C","none",NA,NA,"R",0,NA
110001083,110070818,"11:32:00",51.2496,2.7452,0.387,0.1161,4,"C","none",NA,NA,"R",0,NA
110001083,110070819,"11:34:00",51.2513,2.7543,1.721,0.5163,4,"C","none",NA,NA,"R",0,NA
110001083,110070820,"11:36:00",51.2544,2.7707,0.661,0.1983,4,"C","none",NA,NA,"R",0,NA
110001083,110070821,"11:38:00",51.2562,2.7797,0.659,0.1977,4,"C","none",NA,NA,"R",0,NA
110001083,110070822,"11:40:00",51.2579,2.7887,0.646,0.1938,4,"C","none",NA,NA,"R",0,NA
110001083,110070823,"11:44:00",51.2586,2.7924,0.648,0.1944,4,"C","none",NA,NA,"R",0,NA
110001083,110070824,"11:46:00",51.2603,2.8013,0.644,0.1932,4,"C","none",NA,NA,"R",0,NA
110001083,110070825,"11:48:00",51.2665,2.8117,1.46,0.438,4,"C","none",NA,NA,"R",0,NA
110001083,110070826,"11:50:00",51.2746,2.8194,0.645,0.1935,4,"C","none",NA,NA,"R",0,NA
110001083,110070827,"11:52:00",51.2757,2.8202,0.372,0.1116,4,"C","none",NA,NA,"R",0,NA
110001083,110070828,"11:54:00",51.2811,2.8238,1.666,0.4998,4,"C","none",NA,NA,"R",0,NA
110001083,110070829,"11:56:00",51.2898,2.8312,0.566,0.1698,4,"C","none",NA,NA,"R",0,NA
110001083,110070830,"11:58:00",51.2927,2.8382,0.623,0.1869,4,"C","none",NA,NA,"R",0,NA
110001083,110070831,"12:00:00",51.2948,2.8465,0.632,0.1896,3,"C","none",NA,NA,"N",0,NA
110001083,110070832,"12:02:00",51.2953,2.8483,0.366,0.1098,3,"C","none",NA,NA,"N",0,NA
110001083,110070833,"12:04:00",51.2975,2.8567,1.636,0.4908,3,"C","none",NA,NA,"N",0,NA
110001083,110070834,"12:06:00",51.2997,2.8651,0.369,0.1107,3,"C","none",NA,NA,"N",0,NA
110001083,110070835,"12:08:00",51.302,2.8735,1.641,0.4923,3,"C","none",NA,NA,"N",0,NA
110001083,110070836,"12:10:00",51.306,2.8885,0.633,0.1899,3,"C","none",NA,NA,"N",0,NA
110001083,110070837,"12:12:00",51.3082,2.8968,0.628,0.1884,3,"C","none",NA,NA,"N",0,NA
110001083,110070838,"12:14:00",51.3105,2.9052,0.637,0.1911,3,"C","none",NA,NA,"N",0,NA
110001083,110070839,"12:16:00",51.3127,2.9135,0.628,0.1884,3,"C","none",NA,NA,"N",0,NA
110001083,110070840,"12:18:00",51.3149,2.9218,0.629,0.1887,3,"C","none",NA,NA,"N",0,NA
110001083,110070841,"12:20:00",51.3154,2.9236,0.368,0.1104,3,"C","none",NA,NA,"N",0,NA
110001083,110070842,"12:22:00",51.3159,2.9253,0.631,0.1893,3,"C","none",NA,NA,"N",0,NA
110001083,110070843,"12:24:00",51.3181,2.9336,0.63,0.189,3,"C","none",NA,NA,"N",0,NA
110001083,110070844,"12:26:00",51.3203,2.942,0.639,0.1917,3,"C","none",NA,NA,"N",0,NA
110001083,110070845,"12:28:00",51.3244,2.957,1.637,0.4911,3,"C","none",NA,NA,"N",0,NA
110001083,110070846,"12:30:00",51.3284,2.972,0.635,0.1905,3,"C","none",NA,NA,"N",0,NA
110001083,110070847,"12:32:00",51.3289,2.9738,0.37,0.111,3,"C","none",NA,NA,"N",0,NA
110001083,110070848,"12:34:00",51.3311,2.9822,1.643,0.4929,3,"C","none",NA,NA,"N",0,NA
110001083,110070849,"12:36:00",51.3352,2.9973,0.64,0.192,3,"C","none",NA,NA,"N",0,NA
110001083,110070850,"12:38:00",51.3374,3.0058,0.645,0.1935,3,"C","none",NA,NA,"N",0,NA
110001083,110070851,"12:40:00",51.3379,3.0075,0.384,0.1152,3,"C","none",NA,NA,"N",0,NA
110001083,110070852,"12:42:00",51.3401,3.016,1.665,0.4995,3,"C","none",NA,NA,"N",0,NA
110001083,110070853,"12:44:00",51.3442,3.0312,0.638,0.1914,3,"C","none",NA,NA,"N",0,NA
110001083,110070854,"12:46:00",51.3447,3.033,0.372,0.1116,3,"C","none",NA,NA,"N",0,NA
110001083,110070855,"12:48:00",51.3451,3.0347,0.634,0.1902,3,"C","none",NA,NA,"N",0,NA
110001083,110070856,"12:50:00",51.3492,3.05,1.683,0.5049,3,"C","none",NA,NA,"N",0,NA
110001083,110070857,"12:52:00",51.3533,3.0653,0.634,0.1902,3,"C","none",NA,NA,"N",0,NA
110001083,110070858,"12:54:00",51.3556,3.0738,0.639,0.1917,3,"C","none",NA,NA,"N",0,NA
110001083,110070859,"12:56:00",51.3578,3.0821,0.624,0.1872,3,"C","none",NA,NA,"N",0,NA
110001083,110070860,"12:58:00",51.36,3.0905,0.64,0.192,3,"C","none",NA,NA,"N",0,NA
110001083,110070861,"13:00:00",51.3605,3.0923,0.371,0.1113,3,"C","none",NA,NA,"N",0,NA
110001083,110070862,"13:02:00",51.3637,3.0998,1.631,0.4893,3,"C","none",NA,NA,"N",0,NA
110001083,110070863,"13:04:00",51.3683,3.114,0.607,0.1821,3,"C","none",NA,NA,"N",0,NA
110001083,110070864,"13:06:00",51.3689,3.1224,0.581,0.1743,3,"C","none",NA,NA,"N",0,NA
110001083,110070865,"13:08:00",51.3689,3.1242,0.329,0.0987,3,"C","none",NA,NA,"N",0,NA
